session_id,year,event_name,driver_code,aligned_rows,non_ok_rows,car_gap_rows,car_sample_old_rows,location_gap_rows,location_sample_old_rows,other_unknown_rows,car_related_rows,location_related_rows,non_ok_pct
2025-dutch-grand-prix-r,2025,Dutch Grand Prix,ALO,59215,1667,813,129,594,131,0,942,744,2.8151650764164486
2025-dutch-grand-prix-r,2025,Dutch Grand Prix,BOR,59312,1667,813,129,594,131,0,942,744,2.810561100620448
2025-dutch-grand-prix-r,2025,Dutch Grand Prix,COL,59243,1667,813,129,594,131,0,942,744,2.8138345458535183
2025-dutch-grand-prix-r,2025,Dutch Grand Prix,GAS,59333,1667,813,129,594,131,0,942,744,2.8095663458783475
2025-dutch-grand-prix-r,2025,Dutch Grand Prix,HUL,59293,1667,813,129,594,131,0,942,744,2.8114617239809085
2025-dutch-grand-prix-r,2025,Dutch Grand Prix,LAW,59266,1667,813,129,594,131,0,942,744,2.812742550534877
2025-dutch-grand-prix-r,2025,Dutch Grand Prix,OCO,59239,1667,813,129,594,131,0,942,744,2.814024544641199
2025-dutch-grand-prix-r,2025,Dutch Grand Prix,SAI,59271,1667,813,129,594,131,0,942,744,2.812505272392907
2025-dutch-grand-prix-r,2025,Dutch Grand Prix,STR,59193,1667,813,129,594,131,0,942,744,2.816211376345176
2025-dutch-grand-prix-r,2025,Dutch Grand Prix,TSU,59234,1667,813,129,594,131,0,942,744,2.814262079211264
2025-dutch-grand-prix-r,2025,Dutch Grand Prix,ALB,59161,1656,802,129,594,131,0,931,744,2.7991413262115246
2025-dutch-grand-prix-r,2025,Dutch Grand Prix,ANT,59168,1656,802,129,594,131,0,931,744,2.7988101676581936
2025-dutch-grand-prix-r,2025,Dutch Grand Prix,BEA,59180,1656,802,129,594,131,0,931,744,2.7982426495437647
2025-dutch-grand-prix-r,2025,Dutch Grand Prix,HAD,59130,1656,802,129,594,131,0,931,744,2.800608828006088
2025-dutch-grand-prix-r,2025,Dutch Grand Prix,PIA,59097,1656,802,129,594,131,0,931,744,2.802172699121783
2025-dutch-grand-prix-r,2025,Dutch Grand Prix,RUS,59154,1656,802,129,594,131,0,931,744,2.7994725631402777
2025-dutch-grand-prix-r,2025,Dutch Grand Prix,VER,59111,1656,802,129,594,131,0,931,744,2.801509025392905
2025-british-grand-prix-r,2025,British Grand Prix,LEC,59201,1480,631,142,581,126,0,773,713,2.4999577709835985
2025-british-grand-prix-r,2025,British Grand Prix,ALB,58997,1477,631,142,581,123,0,773,710,2.503517127989559
2025-british-grand-prix-r,2025,British Grand Prix,ALO,59013,1477,631,142,581,123,0,773,710,2.5028383576500093
2025-british-grand-prix-r,2025,British Grand Prix,BEA,59076,1477,631,142,581,123,0,773,710,2.5001692734782313
2025-british-grand-prix-r,2025,British Grand Prix,OCO,59128,1477,631,142,581,123,0,773,710,2.497970504667839
2025-british-grand-prix-r,2025,British Grand Prix,RUS,59062,1477,631,142,581,123,0,773,710,2.500761911211947
2025-british-grand-prix-r,2025,British Grand Prix,SAI,59120,1477,631,142,581,123,0,773,710,2.4983085250338295
2025-british-grand-prix-r,2025,British Grand Prix,GAS,58955,1476,631,142,581,122,0,773,709,2.503604444067509
2025-british-grand-prix-r,2025,British Grand Prix,HAM,58755,1476,631,142,581,122,0,773,709,2.512126627521062
2025-british-grand-prix-r,2025,British Grand Prix,HUL,58701,1476,631,142,581,122,0,773,709,2.514437573465529
2025-british-grand-prix-r,2025,British Grand Prix,STR,58959,1476,631,142,581,122,0,773,709,2.50343459013891
2025-british-grand-prix-r,2025,British Grand Prix,VER,58923,1476,631,142,581,122,0,773,709,2.5049641056972662
2025-british-grand-prix-r,2025,British Grand Prix,TSU,58671,1474,631,140,581,122,0,771,709,2.512314431320414
2025-british-grand-prix-r,2025,British Grand Prix,NOR,58355,1472,631,139,581,121,0,770,708,2.5224916459600717
2025-british-grand-prix-r,2025,British Grand Prix,PIA,58422,1472,631,139,581,121,0,770,708,2.519598781281024
2025-dutch-grand-prix-r,2025,Dutch Grand Prix,NOR,53183,1439,714,121,482,122,0,835,612,2.705751837993344
2025-hungarian-grand-prix-r,2025,Hungarian Grand Prix,ALO,57803,1396,623,141,529,103,0,764,634,2.4150995623064544
2025-hungarian-grand-prix-r,2025,Hungarian Grand Prix,BOR,57875,1396,623,141,529,103,0,764,634,2.412095032397408
2025-hungarian-grand-prix-r,2025,Hungarian Grand Prix,LAW,57905,1396,623,141,529,103,0,764,634,2.4108453501424747
2025-hungarian-grand-prix-r,2025,Hungarian Grand Prix,STR,57894,1396,623,141,529,103,0,764,634,2.411303416588938
2025-hungarian-grand-prix-r,2025,Hungarian Grand Prix,VER,57934,1396,623,141,529,103,0,764,634,2.4096385542168677
2025-hungarian-grand-prix-r,2025,Hungarian Grand Prix,ALB,57593,1393,623,138,529,103,0,761,634,2.4186967166148663
2025-hungarian-grand-prix-r,2025,Hungarian Grand Prix,COL,57687,1393,623,138,529,103,0,761,634,2.4147554908384903
2025-hungarian-grand-prix-r,2025,Hungarian Grand Prix,GAS,57675,1393,623,138,529,103,0,761,634,2.4152579107065453
2025-hungarian-grand-prix-r,2025,Hungarian Grand Prix,LEC,57587,1393,623,138,529,103,0,761,634,2.4189487210655183
2025-hungarian-grand-prix-r,2025,Hungarian Grand Prix,OCO,57664,1393,623,138,529,103,0,761,634,2.415718645948946
2025-hungarian-grand-prix-r,2025,Hungarian Grand Prix,TSU,57681,1393,623,138,529,103,0,761,634,2.415006674641563
2025-hungarian-grand-prix-r,2025,Hungarian Grand Prix,HUL,57525,1392,623,137,529,103,0,760,634,2.4198174706649285
2025-hungarian-grand-prix-r,2025,Hungarian Grand Prix,RUS,57431,1392,623,137,529,103,0,760,634,2.4237780989361144
2025-hungarian-grand-prix-r,2025,Hungarian Grand Prix,SAI,57544,1392,623,137,529,103,0,760,634,2.4190184901988045
2025-austrian-grand-prix-r,2025,Austrian Grand Prix,LAW,50953,1385,655,115,526,89,0,770,622,2.7181912743116206
2025-hungarian-grand-prix-r,2025,Hungarian Grand Prix,ANT,57287,1380,623,135,519,103,0,758,624,2.4089234904952255
2025-hungarian-grand-prix-r,2025,Hungarian Grand Prix,HAD,57297,1380,623,135,519,103,0,758,624,2.4085030629875908
2025-hungarian-grand-prix-r,2025,Hungarian Grand Prix,HAM,57309,1380,623,135,519,103,0,758,624,2.407998743652829
2025-austrian-grand-prix-r,2025,Austrian Grand Prix,RUS,50898,1373,643,115,526,89,0,758,622,2.6975519666784553
2025-austrian-grand-prix-r,2025,Austrian Grand Prix,BEA,50525,1372,643,115,526,88,0,758,621,2.7154873824839187
2025-austrian-grand-prix-r,2025,Austrian Grand Prix,COL,50652,1372,643,115,526,88,0,758,621,2.7086788280818133
2025-austrian-grand-prix-r,2025,Austrian Grand Prix,GAS,50607,1372,643,115,526,88,0,758,621,2.711087398976426
2025-austrian-grand-prix-r,2025,Austrian Grand Prix,HAD,50556,1372,643,115,526,88,0,758,621,2.713822296067727
2025-austrian-grand-prix-r,2025,Austrian Grand Prix,HAM,50565,1372,643,115,526,88,0,758,621,2.713339266290913
2025-austrian-grand-prix-r,2025,Austrian Grand Prix,LEC,50472,1372,643,115,526,88,0,758,621,2.7183388809637026
2025-austrian-grand-prix-r,2025,Austrian Grand Prix,STR,50620,1372,643,115,526,88,0,758,621,2.7103911497431845
2025-hungarian-grand-prix-r,2025,Hungarian Grand Prix,NOR,57213,1369,623,135,508,103,0,758,613,2.392812822260675
2025-hungarian-grand-prix-r,2025,Hungarian Grand Prix,PIA,57220,1369,623,135,508,103,0,758,613,2.3925200978678784
2025-austrian-grand-prix-r,2025,Austrian Grand Prix,ALO,50290,1360,643,114,515,88,0,757,610,2.704314973155697
2025-austrian-grand-prix-r,2025,Austrian Grand Prix,BOR,50296,1360,643,114,515,88,0,757,610,2.7039923651980278
2025-austrian-grand-prix-r,2025,Austrian Grand Prix,HUL,50352,1360,643,114,515,88,0,757,610,2.7009850651414045
2025-austrian-grand-prix-r,2025,Austrian Grand Prix,NOR,50277,1360,643,114,515,88,0,757,610,2.705014221214472
2025-austrian-grand-prix-r,2025,Austrian Grand Prix,OCO,50375,1360,643,114,515,88,0,757,610,2.699751861042184
2025-austrian-grand-prix-r,2025,Austrian Grand Prix,PIA,50302,1360,643,114,515,88,0,757,610,2.7036698342014236
2025-austrian-grand-prix-r,2025,Austrian Grand Prix,TSU,50304,1360,643,114,515,88,0,757,610,2.703562340966921
2025-monaco-grand-prix-r,2025,Monaco Grand Prix,BOR,61022,1240,767,172,256,45,0,939,807,2.0320540133066762
2025-monaco-grand-prix-r,2025,Monaco Grand Prix,HAD,60989,1240,767,172,256,45,0,939,807,2.033153519487121
2025-monaco-grand-prix-r,2025,Monaco Grand Prix,HUL,61054,1240,767,172,256,45,0,939,807,2.0309889605922624
2025-monaco-grand-prix-r,2025,Monaco Grand Prix,LAW,61005,1240,767,172,256,45,0,939,807,2.0326202770264734
2025-monaco-grand-prix-r,2025,Monaco Grand Prix,OCO,60999,1240,767,172,256,45,0,939,807,2.0328202101673796
2025-monaco-grand-prix-r,2025,Monaco Grand Prix,STR,61043,1240,767,172,256,45,0,939,807,2.031354946513114
2025-monaco-grand-prix-r,2025,Monaco Grand Prix,TSU,61058,1240,767,172,256,45,0,939,807,2.0308559074977888
2025-belgian-grand-prix-r,2025,Belgian Grand Prix,COL,52177,1239,480,124,521,114,0,604,649,2.374609502271116
2025-monaco-grand-prix-r,2025,Monaco Grand Prix,BEA,60886,1239,767,171,256,45,0,938,807,2.034950563347896
2025-monaco-grand-prix-r,2025,Monaco Grand Prix,COL,60909,1239,767,171,256,45,0,938,807,2.0341821405703593
2025-monaco-grand-prix-r,2025,Monaco Grand Prix,HAM,60852,1239,767,171,256,45,0,938,807,2.036087556694932
2025-monaco-grand-prix-r,2025,Monaco Grand Prix,RUS,60677,1239,767,171,256,45,0,938,807,2.0419598859534918
2025-belgian-grand-prix-r,2025,Belgian Grand Prix,ALO,52104,1229,480,124,511,114,0,604,639,2.3587440503608166
2025-belgian-grand-prix-r,2025,Belgian Grand Prix,ANT,52092,1229,480,124,511,114,0,604,639,2.3592874145742146
2025-belgian-grand-prix-r,2025,Belgian Grand Prix,OCO,52086,1229,480,124,511,114,0,604,639,2.359559190569443
2025-belgian-grand-prix-r,2025,Belgian Grand Prix,SAI,52146,1229,480,124,511,114,0,604,639,2.3568442450044107
2025-monaco-grand-prix-r,2025,Monaco Grand Prix,ALB,60459,1227,755,171,256,45,0,926,805,2.0294745199225925
2025-monaco-grand-prix-r,2025,Monaco Grand Prix,ANT,60422,1227,755,171,256,45,0,926,805,2.030717288404886
2025-monaco-grand-prix-r,2025,Monaco Grand Prix,LEC,60371,1227,755,171,256,45,0,926,805,2.0324327905782575
2025-monaco-grand-prix-r,2025,Monaco Grand Prix,NOR,60339,1227,755,171,256,45,0,926,805,2.0335106647441954
2025-monaco-grand-prix-r,2025,Monaco Grand Prix,PIA,60373,1227,755,171,256,45,0,926,805,2.0323654613817435
2025-monaco-grand-prix-r,2025,Monaco Grand Prix,SAI,60491,1227,755,171,256,45,0,926,805,2.028400919144997
2025-monaco-grand-prix-r,2025,Monaco Grand Prix,VER,60545,1227,755,171,256,45,0,926,805,2.026591791229664
2025-belgian-grand-prix-r,2025,Belgian Grand Prix,STR,52022,1219,470,124,511,114,0,594,639,2.343239398715928
2025-belgian-grand-prix-r,2025,Belgian Grand Prix,ALB,51624,1208,470,124,500,114,0,594,628,2.339996900666357
2025-belgian-grand-prix-r,2025,Belgian Grand Prix,BEA,51957,1208,470,124,500,114,0,594,628,2.324999518832881
2025-belgian-grand-prix-r,2025,Belgian Grand Prix,BOR,51788,1208,470,124,500,114,0,594,628,2.332586699621534
2025-belgian-grand-prix-r,2025,Belgian Grand Prix,GAS,51953,1208,470,124,500,114,0,594,628,2.3251785267453275
2025-belgian-grand-prix-r,2025,Belgian Grand Prix,HAM,51631,1208,470,124,500,114,0,594,628,2.3396796498227808
2025-belgian-grand-prix-r,2025,Belgian Grand Prix,HUL,51960,1208,470,124,500,114,0,594,628,2.3248652809853736
2025-belgian-grand-prix-r,2025,Belgian Grand Prix,LAW,51745,1208,470,124,500,114,0,594,628,2.3345250748864625
2025-belgian-grand-prix-r,2025,Belgian Grand Prix,RUS,51574,1208,470,124,500,114,0,594,628,2.3422654826075155
2025-belgian-grand-prix-r,2025,Belgian Grand Prix,TSU,51978,1208,470,124,500,114,0,594,628,2.32406017930663
2025-belgian-grand-prix-r,2025,Belgian Grand Prix,LEC,51428,1196,458,124,500,114,0,582,628,2.3255813953488373
2025-belgian-grand-prix-r,2025,Belgian Grand Prix,VER,51442,1196,458,124,500,114,0,582,628,2.3249484856731852
2025-belgian-grand-prix-r,2025,Belgian Grand Prix,HAD,51354,1185,458,124,489,114,0,582,617,2.3075125598784907
2025-belgian-grand-prix-r,2025,Belgian Grand Prix,NOR,51259,1185,458,124,489,114,0,582,617,2.3117891492225753
2025-belgian-grand-prix-r,2025,Belgian Grand Prix,PIA,51225,1185,458,124,489,114,0,582,617,2.3133235724743777
2025-mexico-city-grand-prix-r,2025,Mexico City Grand Prix,ANT,59259,1172,809,141,156,66,0,950,718,1.9777586526941056
2025-mexico-city-grand-prix-r,2025,Mexico City Grand Prix,BEA,59189,1172,809,141,156,66,0,950,718,1.9800976532801704
2025-mexico-city-grand-prix-r,2025,Mexico City Grand Prix,BOR,59549,1172,809,141,156,66,0,950,718,1.9681270886160975
2025-mexico-city-grand-prix-r,2025,Mexico City Grand Prix,COL,59225,1172,809,141,156,66,0,950,718,1.9788940481215704
2025-mexico-city-grand-prix-r,2025,Mexico City Grand Prix,GAS,59219,1172,809,141,156,66,0,950,718,1.9790945473581112
2025-mexico-city-grand-prix-r,2025,Mexico City Grand Prix,HAM,59344,1172,809,141,156,66,0,950,718,1.974925856025883
2025-mexico-city-grand-prix-r,2025,Mexico City Grand Prix,OCO,59534,1172,809,141,156,66,0,950,718,1.968622971747237
2025-mexico-city-grand-prix-r,2025,Mexico City Grand Prix,PIA,59201,1172,809,141,156,66,0,950,718,1.9796962889140388
2025-mexico-city-grand-prix-r,2025,Mexico City Grand Prix,RUS,59282,1172,809,141,156,66,0,950,718,1.9769913295772747
2025-mexico-city-grand-prix-r,2025,Mexico City Grand Prix,TSU,59570,1172,809,141,156,66,0,950,718,1.967433271781098
2025-mexico-city-grand-prix-r,2025,Mexico City Grand Prix,LEC,59084,1171,809,140,156,66,0,949,718,1.981924040349333
2025-mexico-city-grand-prix-r,2025,Mexico City Grand Prix,VER,59091,1171,809,140,156,66,0,949,718,1.9816892589396018
2025-mexico-city-grand-prix-r,2025,Mexico City Grand Prix,ALB,58804,1159,798,140,155,66,0,938,706,1.970954356846473
2025-mexico-city-grand-prix-r,2025,Mexico City Grand Prix,HAD,58846,1159,798,140,155,66,0,938,706,1.9695476328042687
2025-mexico-city-grand-prix-r,2025,Mexico City Grand Prix,NOR,58782,1159,798,140,155,66,0,938,706,1.9716920145622812
2025-mexico-city-grand-prix-r,2025,Mexico City Grand Prix,STR,58850,1159,798,140,155,66,0,938,706,1.969413763806287
2025-mexico-city-grand-prix-r,2025,Mexico City Grand Prix,SAI,57636,1141,798,134,145,64,0,932,691,1.9796654868484975
2025-dutch-grand-prix-r,2025,Dutch Grand Prix,LEC,40970,1138,572,91,386,89,0,663,481,2.7776421772028312
2025-australian-grand-prix-r,2025,Australian Grand Prix,ALB,61389,1070,692,138,176,64,0,830,694,1.7429832706185149
2025-australian-grand-prix-r,2025,Australian Grand Prix,ANT,61363,1070,692,138,176,64,0,830,694,1.7437217867444552
2025-australian-grand-prix-r,2025,Australian Grand Prix,BEA,61665,1070,692,138,176,64,0,830,694,1.7351820319468094
2025-australian-grand-prix-r,2025,Australian Grand Prix,GAS,61526,1070,692,138,176,64,0,830,694,1.7391021681890582
2025-australian-grand-prix-r,2025,Australian Grand Prix,HAM,61486,1070,692,138,176,64,0,830,694,1.740233549100608
2025-australian-grand-prix-r,2025,Australian Grand Prix,HUL,61447,1070,692,138,176,64,0,830,694,1.74133806369717
2025-australian-grand-prix-r,2025,Australian Grand Prix,LEC,61461,1070,692,138,176,64,0,830,694,1.7409414099998373
2025-australian-grand-prix-r,2025,Australian Grand Prix,OCO,61594,1070,692,138,176,64,0,830,694,1.7371821930707538
2025-australian-grand-prix-r,2025,Australian Grand Prix,PIA,61465,1070,692,138,176,64,0,830,694,1.7408281135605628
2025-australian-grand-prix-r,2025,Australian Grand Prix,RUS,61345,1070,692,138,176,64,0,830,694,1.74423343385769
2025-australian-grand-prix-r,2025,Australian Grand Prix,STR,61437,1070,692,138,176,64,0,830,694,1.741621498445562
2025-australian-grand-prix-r,2025,Australian Grand Prix,TSU,61560,1070,692,138,176,64,0,830,694,1.7381416504223521
2025-australian-grand-prix-r,2025,Australian Grand Prix,NOR,61262,1059,681,138,176,64,0,819,694,1.7286409193300907
2025-australian-grand-prix-r,2025,Australian Grand Prix,VER,61270,1059,681,138,176,64,0,819,694,1.7284152113595561
2025-hungarian-grand-prix-r,2025,Hungarian Grand Prix,BEA,40397,1044,463,101,408,72,0,564,482,2.5843503230437905
2025-canadian-grand-prix-r,2025,Canadian Grand Prix,ALO,55237,999,601,137,204,57,0,738,721,1.8085703423429949
2025-canadian-grand-prix-r,2025,Canadian Grand Prix,BEA,55165,999,601,137,204,57,0,738,721,1.81093084383214
2025-canadian-grand-prix-r,2025,Canadian Grand Prix,BOR,55205,999,601,137,204,57,0,738,721,1.8096186939588805
2025-canadian-grand-prix-r,2025,Canadian Grand Prix,COL,55198,999,601,137,204,57,0,738,721,1.8098481829051778
2025-canadian-grand-prix-r,2025,Canadian Grand Prix,GAS,55208,999,601,137,204,57,0,738,721,1.8095203593682077
2025-canadian-grand-prix-r,2025,Canadian Grand Prix,HAD,55214,999,601,137,204,57,0,738,721,1.8093237222443583
2025-canadian-grand-prix-r,2025,Canadian Grand Prix,HAM,55234,999,601,137,204,57,0,738,721,1.8086685737046022
2025-canadian-grand-prix-r,2025,Canadian Grand Prix,HUL,55280,999,601,137,204,57,0,738,721,1.807163531114327
2025-canadian-grand-prix-r,2025,Canadian Grand Prix,LEC,55161,999,601,137,204,57,0,738,721,1.811062163485071
2025-canadian-grand-prix-r,2025,Canadian Grand Prix,OCO,55141,999,601,137,204,57,0,738,721,1.811719047532689
2025-canadian-grand-prix-r,2025,Canadian Grand Prix,PIA,55147,999,601,137,204,57,0,738,721,1.811521932290061
2025-canadian-grand-prix-r,2025,Canadian Grand Prix,SAI,55145,999,601,137,204,57,0,738,721,1.8115876326049507
2025-canadian-grand-prix-r,2025,Canadian Grand Prix,STR,55218,999,601,137,204,57,0,738,721,1.8091926545691621
2025-canadian-grand-prix-r,2025,Canadian Grand Prix,TSU,55184,999,601,137,204,57,0,738,721,1.8103073354595534
2025-canadian-grand-prix-r,2025,Canadian Grand Prix,ANT,55133,998,601,136,204,57,0,737,721,1.8101681388642012
2025-canadian-grand-prix-r,2025,Canadian Grand Prix,RUS,55127,998,601,136,204,57,0,737,721,1.810365156819707
2025-canadian-grand-prix-r,2025,Canadian Grand Prix,VER,55129,998,601,136,204,57,0,737,721,1.8102994794028553
2025-miami-grand-prix-r,2025,Miami Grand Prix,GAS,54220,990,593,117,240,40,0,710,673,1.8258945038731096
2025-miami-grand-prix-r,2025,Miami Grand Prix,ALB,53797,989,593,116,240,40,0,709,673,1.838392475416845
2025-miami-grand-prix-r,2025,Miami Grand Prix,ANT,53870,989,593,116,240,40,0,709,673,1.8359012437349176
2025-miami-grand-prix-r,2025,Miami Grand Prix,HAD,54060,989,593,116,240,40,0,709,673,1.82944876063633
2025-miami-grand-prix-r,2025,Miami Grand Prix,HAM,53916,989,593,116,240,40,0,709,673,1.834334891312412
2025-miami-grand-prix-r,2025,Miami Grand Prix,LEC,53885,989,593,116,240,40,0,709,673,1.8353901827966967
2025-miami-grand-prix-r,2025,Miami Grand Prix,OCO,54134,989,593,116,240,40,0,709,673,1.8269479439908376
2025-miami-grand-prix-r,2025,Miami Grand Prix,RUS,53691,989,593,116,240,40,0,709,673,1.8420219403624445
2025-miami-grand-prix-r,2025,Miami Grand Prix,SAI,53920,989,593,116,240,40,0,709,673,1.83419881305638
2025-miami-grand-prix-r,2025,Miami Grand Prix,TSU,54011,989,593,116,240,40,0,709,673,1.8311084779026494
2025-miami-grand-prix-r,2025,Miami Grand Prix,VER,53714,989,593,116,240,40,0,709,673,1.8412331980489256
2025-miami-grand-prix-r,2025,Miami Grand Prix,ALO,53526,987,593,115,240,39,0,708,672,1.843963681201659
2025-miami-grand-prix-r,2025,Miami Grand Prix,HUL,53327,987,593,115,240,39,0,708,672,1.8508447878185534
2025-miami-grand-prix-r,2025,Miami Grand Prix,NOR,53363,987,593,115,240,39,0,708,672,1.8495961621348125
2025-miami-grand-prix-r,2025,Miami Grand Prix,PIA,53317,987,593,115,240,39,0,708,672,1.8511919275278055
2025-miami-grand-prix-r,2025,Miami Grand Prix,STR,53568,987,593,115,240,39,0,708,672,1.8425179211469533
2025-united-states-grand-prix-r,2025,United States Grand Prix,ALB,57198,982,644,113,152,73,0,757,547,1.7168432462673517
2025-united-states-grand-prix-r,2025,United States Grand Prix,ALO,57100,982,644,113,152,73,0,757,547,1.7197898423817863
2025-united-states-grand-prix-r,2025,United States Grand Prix,ANT,57156,982,644,113,152,73,0,757,547,1.718104835887746
2025-united-states-grand-prix-r,2025,United States Grand Prix,BEA,57047,982,644,113,152,73,0,757,547,1.7213876277455433
2025-united-states-grand-prix-r,2025,United States Grand Prix,HAD,57326,982,644,113,152,73,0,757,547,1.7130098035795276
2025-united-states-grand-prix-r,2025,United States Grand Prix,LAW,57131,982,644,113,152,73,0,757,547,1.7188566627575224
2025-united-states-grand-prix-r,2025,United States Grand Prix,OCO,57228,982,644,113,152,73,0,757,547,1.7159432445655973
2025-united-states-grand-prix-r,2025,United States Grand Prix,STR,57146,982,644,113,152,73,0,757,547,1.7184054876981765
2025-abu-dhabi-grand-prix-r,2025,Abu Dhabi Grand Prix,ALB,52522,972,540,118,274,40,0,658,711,1.8506530596702333
2025-abu-dhabi-grand-prix-r,2025,Abu Dhabi Grand Prix,ANT,52515,972,540,118,274,40,0,658,711,1.8508997429305913
2025-united-states-grand-prix-r,2025,United States Grand Prix,HUL,56970,972,634,113,152,73,0,747,546,1.7061611374407581
2025-united-states-grand-prix-r,2025,United States Grand Prix,TSU,56926,972,634,113,152,73,0,747,546,1.7074798861680076
2025-abu-dhabi-grand-prix-r,2025,Abu Dhabi Grand Prix,BOR,52481,970,540,118,274,38,0,658,709,1.848287951830186
2025-abu-dhabi-grand-prix-r,2025,Abu Dhabi Grand Prix,HUL,52461,970,540,118,274,38,0,658,709,1.848992584967881
2025-abu-dhabi-grand-prix-r,2025,Abu Dhabi Grand Prix,SAI,52493,970,540,118,274,38,0,658,709,1.847865429676338
2025-abu-dhabi-grand-prix-r,2025,Abu Dhabi Grand Prix,TSU,52503,970,540,118,274,38,0,658,709,1.8475134754204523
2025-united-states-grand-prix-r,2025,United States Grand Prix,BOR,56435,970,634,111,152,73,0,745,546,1.7187915300788517
2025-united-states-grand-prix-r,2025,United States Grand Prix,COL,56419,970,634,111,152,73,0,745,546,1.7192789663056773
2025-united-states-grand-prix-r,2025,United States Grand Prix,GAS,56461,970,634,111,152,73,0,745,546,1.7180000354226812
2025-united-states-grand-prix-r,2025,United States Grand Prix,HAM,56682,970,634,111,152,73,0,745,546,1.7113016477894216
2025-united-states-grand-prix-r,2025,United States Grand Prix,LEC,56552,970,634,111,152,73,0,745,546,1.7152355354364126
2025-united-states-grand-prix-r,2025,United States Grand Prix,NOR,56479,970,634,111,152,73,0,745,546,1.7174525044706883
2025-united-states-grand-prix-r,2025,United States Grand Prix,PIA,56697,970,634,111,152,73,0,745,546,1.7108488985307864
2025-united-states-grand-prix-r,2025,United States Grand Prix,RUS,56734,970,634,111,152,73,0,745,546,1.7097331406211442
2025-united-states-grand-prix-r,2025,United States Grand Prix,VER,56399,970,634,111,152,73,0,745,546,1.7198886505079878
2025-abu-dhabi-grand-prix-r,2025,Abu Dhabi Grand Prix,BEA,52431,967,540,118,274,35,0,658,706,1.8443287368160057
2025-abu-dhabi-grand-prix-r,2025,Abu Dhabi Grand Prix,HAM,52396,967,540,118,274,35,0,658,706,1.8455607298267043
2025-abu-dhabi-grand-prix-r,2025,Abu Dhabi Grand Prix,OCO,52369,967,540,118,274,35,0,658,706,1.8465122496133208
2025-abu-dhabi-grand-prix-r,2025,Abu Dhabi Grand Prix,STR,52415,967,540,118,274,35,0,658,706,1.8448917294667557
2025-abu-dhabi-grand-prix-r,2025,Abu Dhabi Grand Prix,ALO,52338,956,540,116,265,35,0,656,695,1.8265887118346136
2025-abu-dhabi-grand-prix-r,2025,Abu Dhabi Grand Prix,RUS,52156,956,540,116,265,35,0,656,695,1.8329626505100085
2025-canadian-grand-prix-r,2025,Canadian Grand Prix,NOR,51873,953,564,131,201,57,0,695,682,1.837179264742737
2025-abu-dhabi-grand-prix-r,2025,Abu Dhabi Grand Prix,COL,51810,945,529,116,265,35,0,645,693,1.8239722061378112
2025-abu-dhabi-grand-prix-r,2025,Abu Dhabi Grand Prix,GAS,51736,945,529,116,265,35,0,645,693,1.8265811040668007
2025-abu-dhabi-grand-prix-r,2025,Abu Dhabi Grand Prix,HAD,51683,945,529,116,265,35,0,645,693,1.8284542305980689
2025-abu-dhabi-grand-prix-r,2025,Abu Dhabi Grand Prix,LAW,51716,945,529,116,265,35,0,645,693,1.8272874932322685
2025-abu-dhabi-grand-prix-r,2025,Abu Dhabi Grand Prix,LEC,51901,945,529,116,265,35,0,645,693,1.8207741662010366
2025-abu-dhabi-grand-prix-r,2025,Abu Dhabi Grand Prix,NOR,51835,945,529,116,265,35,0,645,693,1.8230925050641458
2025-abu-dhabi-grand-prix-r,2025,Abu Dhabi Grand Prix,PIA,51796,945,529,116,265,35,0,645,693,1.8244652096687002
2025-abu-dhabi-grand-prix-r,2025,Abu Dhabi Grand Prix,VER,51671,945,529,116,265,35,0,645,693,1.8288788682239554
2025-chinese-grand-prix-r,2025,Chinese Grand Prix,DOO,55333,930,573,102,201,54,0,675,647,1.6807330164639547
2025-chinese-grand-prix-r,2025,Chinese Grand Prix,HAD,55338,930,573,102,201,54,0,675,647,1.6805811558061368
2025-chinese-grand-prix-r,2025,Chinese Grand Prix,LAW,55361,930,573,102,201,54,0,675,647,1.6798829500912196
2025-chinese-grand-prix-r,2025,Chinese Grand Prix,SAI,55312,930,573,102,201,54,0,675,647,1.6813711310384727
2025-chinese-grand-prix-r,2025,Chinese Grand Prix,ALB,55111,929,573,101,201,54,0,674,647,1.685688882437263
2025-chinese-grand-prix-r,2025,Chinese Grand Prix,ANT,55088,929,573,101,201,54,0,674,647,1.6863926808016267
2025-chinese-grand-prix-r,2025,Chinese Grand Prix,BEA,55163,929,573,101,201,54,0,674,647,1.6840998495368273
2025-chinese-grand-prix-r,2025,Chinese Grand Prix,BOR,54657,929,573,101,201,54,0,674,647,1.6996907989827468
2025-chinese-grand-prix-r,2025,Chinese Grand Prix,GAS,55221,929,573,101,201,54,0,674,647,1.682330997265533
2025-chinese-grand-prix-r,2025,Chinese Grand Prix,HAM,54804,929,573,101,201,54,0,674,647,1.6951317422085979
2025-chinese-grand-prix-r,2025,Chinese Grand Prix,HUL,54750,929,573,101,201,54,0,674,647,1.6968036529680364
2025-chinese-grand-prix-r,2025,Chinese Grand Prix,LEC,54781,929,573,101,201,54,0,674,647,1.6958434493711323
2025-chinese-grand-prix-r,2025,Chinese Grand Prix,NOR,54647,929,573,101,201,54,0,674,647,1.7000018299266202
2025-chinese-grand-prix-r,2025,Chinese Grand Prix,OCO,55049,929,573,101,201,54,0,674,647,1.6875874221148432
2025-chinese-grand-prix-r,2025,Chinese Grand Prix,PIA,54549,929,573,101,201,54,0,674,647,1.703055968028745
2025-chinese-grand-prix-r,2025,Chinese Grand Prix,RUS,54661,929,573,101,201,54,0,674,647,1.6995664184702073
2025-chinese-grand-prix-r,2025,Chinese Grand Prix,STR,55249,929,573,101,201,54,0,674,647,1.6814783977990553
2025-chinese-grand-prix-r,2025,Chinese Grand Prix,TSU,54784,929,573,101,201,54,0,674,647,1.6957505841121496
2025-chinese-grand-prix-r,2025,Chinese Grand Prix,VER,54715,929,573,101,201,54,0,674,647,1.6978890615005027
2025-qatar-grand-prix-r,2025,Qatar Grand Prix,BOR,51631,922,525,132,205,60,0,657,638,1.7857488718018244
2025-qatar-grand-prix-r,2025,Qatar Grand Prix,HAM,51559,922,525,132,205,60,0,657,638,1.7882425958610524
2025-qatar-grand-prix-r,2025,Qatar Grand Prix,ALB,51450,920,525,131,205,59,0,656,637,1.7881438289601554
2025-qatar-grand-prix-r,2025,Qatar Grand Prix,ALO,51323,920,525,131,205,59,0,656,637,1.7925686339457945
2025-qatar-grand-prix-r,2025,Qatar Grand Prix,LAW,51385,920,525,131,205,59,0,656,637,1.7904057604359247
2025-qatar-grand-prix-r,2025,Qatar Grand Prix,LEC,51349,920,525,131,205,59,0,656,637,1.7916609865820172
2025-qatar-grand-prix-r,2025,Qatar Grand Prix,RUS,51267,920,525,131,205,59,0,656,637,1.794526693584567
2025-qatar-grand-prix-r,2025,Qatar Grand Prix,TSU,51400,920,525,131,205,59,0,656,637,1.7898832684824901
2025-qatar-grand-prix-r,2025,Qatar Grand Prix,ANT,51066,908,513,131,205,59,0,644,635,1.7780910977950104
2025-qatar-grand-prix-r,2025,Qatar Grand Prix,NOR,51015,908,513,131,205,59,0,644,635,1.7798686660786045
2025-qatar-grand-prix-r,2025,Qatar Grand Prix,SAI,51010,908,513,131,205,59,0,644,635,1.7800431287982748
2025-qatar-grand-prix-r,2025,Qatar Grand Prix,COL,50816,898,503,131,205,59,0,634,633,1.7671599496221664
2025-qatar-grand-prix-r,2025,Qatar Grand Prix,GAS,50833,898,503,131,205,59,0,634,633,1.7665689611079418
2025-qatar-grand-prix-r,2025,Qatar Grand Prix,OCO,50825,898,503,131,205,59,0,634,633,1.766847024102312
2025-qatar-grand-prix-r,2025,Qatar Grand Prix,PIA,50864,898,503,131,205,59,0,634,633,1.765492293173954
2025-emilia-romagna-grand-prix-r,2025,Emilia Romagna Grand Prix,ALB,55110,896,562,109,181,44,0,671,560,1.6258392306296499
2025-emilia-romagna-grand-prix-r,2025,Emilia Romagna Grand Prix,ALO,55203,896,562,109,181,44,0,671,560,1.6231001938300453
2025-emilia-romagna-grand-prix-r,2025,Emilia Romagna Grand Prix,BEA,55269,896,562,109,181,44,0,671,560,1.6211619533554074
2025-emilia-romagna-grand-prix-r,2025,Emilia Romagna Grand Prix,BOR,55318,896,562,109,181,44,0,671,560,1.6197259481543078
2025-emilia-romagna-grand-prix-r,2025,Emilia Romagna Grand Prix,COL,55264,896,562,109,181,44,0,671,560,1.6213086276780544
2025-emilia-romagna-grand-prix-r,2025,Emilia Romagna Grand Prix,GAS,55244,896,562,109,181,44,0,671,560,1.6218955904713634
2025-emilia-romagna-grand-prix-r,2025,Emilia Romagna Grand Prix,HAD,55167,896,562,109,181,44,0,671,560,1.6241593706382438
2025-emilia-romagna-grand-prix-r,2025,Emilia Romagna Grand Prix,HAM,55074,896,562,109,181,44,0,671,560,1.6269019864182734
2025-emilia-romagna-grand-prix-r,2025,Emilia Romagna Grand Prix,HUL,55234,896,562,109,181,44,0,671,560,1.6221892312705943
2025-emilia-romagna-grand-prix-r,2025,Emilia Romagna Grand Prix,LAW,55253,896,562,109,181,44,0,671,560,1.621631404629613
2025-emilia-romagna-grand-prix-r,2025,Emilia Romagna Grand Prix,LEC,55138,896,562,109,181,44,0,671,560,1.6250136022343937
2025-emilia-romagna-grand-prix-r,2025,Emilia Romagna Grand Prix,NOR,54993,896,562,109,181,44,0,671,560,1.6292982743258233
2025-emilia-romagna-grand-prix-r,2025,Emilia Romagna Grand Prix,PIA,55059,896,562,109,181,44,0,671,560,1.6273452115003906
2025-emilia-romagna-grand-prix-r,2025,Emilia Romagna Grand Prix,RUS,55150,896,562,109,181,44,0,671,560,1.6246600181323665
2025-emilia-romagna-grand-prix-r,2025,Emilia Romagna Grand Prix,SAI,55159,896,562,109,181,44,0,671,560,1.6243949310176038
2025-emilia-romagna-grand-prix-r,2025,Emilia Romagna Grand Prix,STR,55261,896,562,109,181,44,0,671,560,1.6213966450118529
2025-emilia-romagna-grand-prix-r,2025,Emilia Romagna Grand Prix,TSU,55195,896,562,109,181,44,0,671,560,1.6233354470513635
2025-emilia-romagna-grand-prix-r,2025,Emilia Romagna Grand Prix,VER,54929,896,562,109,181,44,0,671,560,1.631196635656939
2025-qatar-grand-prix-r,2025,Qatar Grand Prix,VER,50776,896,503,131,205,57,0,634,631,1.764613203088073
2025-australian-grand-prix-r,2025,Australian Grand Prix,LAW,50803,895,569,115,160,51,0,684,560,1.7617069858079246
2025-australian-grand-prix-r,2025,Australian Grand Prix,BOR,50056,892,569,113,160,50,0,682,559,1.7820041553460124
2025-singapore-grand-prix-r,2025,Singapore Grand Prix,BEA,61158,885,596,117,125,47,0,713,550,1.447071519670362
2025-singapore-grand-prix-r,2025,Singapore Grand Prix,ALO,61028,884,596,116,125,47,0,712,550,1.4485154355377858
2025-singapore-grand-prix-r,2025,Singapore Grand Prix,ANT,60560,884,596,116,125,47,0,712,550,1.4597093791281375
2025-singapore-grand-prix-r,2025,Singapore Grand Prix,BOR,60690,884,596,116,125,47,0,712,550,1.4565826330532212
2025-singapore-grand-prix-r,2025,Singapore Grand Prix,COL,60651,884,596,116,125,47,0,712,550,1.4575192494765132
2025-singapore-grand-prix-r,2025,Singapore Grand Prix,GAS,60698,884,596,116,125,47,0,712,550,1.4563906553757948
2025-singapore-grand-prix-r,2025,Singapore Grand Prix,HAM,61023,884,596,116,125,47,0,712,550,1.448634121560723
2025-singapore-grand-prix-r,2025,Singapore Grand Prix,HUL,60712,884,596,116,125,47,0,712,550,1.4560548161813152
2025-singapore-grand-prix-r,2025,Singapore Grand Prix,LAW,60495,884,596,116,125,47,0,712,550,1.4612777915530208
2025-singapore-grand-prix-r,2025,Singapore Grand Prix,LEC,60682,884,596,116,125,47,0,712,550,1.4567746613493293
2025-singapore-grand-prix-r,2025,Singapore Grand Prix,OCO,60694,884,596,116,125,47,0,712,550,1.4564866378884238
2025-qatar-grand-prix-r,2025,Qatar Grand Prix,HAD,50325,883,493,129,204,57,0,622,621,1.7545951316443118
2025-qatar-grand-prix-r,2025,Qatar Grand Prix,STR,50151,883,493,129,204,57,0,622,621,1.760682738130845
2025-azerbaijan-grand-prix-r,2025,Azerbaijan Grand Prix,ALB,56692,873,498,126,206,43,0,624,573,1.5398998094969307
2025-azerbaijan-grand-prix-r,2025,Azerbaijan Grand Prix,ALO,56850,873,498,126,206,43,0,624,573,1.5356200527704484
2025-azerbaijan-grand-prix-r,2025,Azerbaijan Grand Prix,BEA,56746,873,498,126,206,43,0,624,573,1.538434427096183
2025-azerbaijan-grand-prix-r,2025,Azerbaijan Grand Prix,BOR,56739,873,498,126,206,43,0,624,573,1.5386242267223602
2025-azerbaijan-grand-prix-r,2025,Azerbaijan Grand Prix,HUL,56865,873,498,126,206,43,0,624,573,1.5352149828541282
2025-azerbaijan-grand-prix-r,2025,Azerbaijan Grand Prix,OCO,56838,873,498,126,206,43,0,624,573,1.5359442626411908
2025-azerbaijan-grand-prix-r,2025,Azerbaijan Grand Prix,STR,57026,873,498,126,206,43,0,624,573,1.530880650931154
2025-s-o-paulo-grand-prix-r,2025,São Paulo Grand Prix,ALB,55755,873,555,106,161,51,0,661,623,1.565778853914447
2025-s-o-paulo-grand-prix-r,2025,São Paulo Grand Prix,ALO,55769,873,555,106,161,51,0,661,623,1.5653857878032598
2025-s-o-paulo-grand-prix-r,2025,São Paulo Grand Prix,BEA,55511,873,555,106,161,51,0,661,623,1.5726612743420223
2025-s-o-paulo-grand-prix-r,2025,São Paulo Grand Prix,COL,55791,873,555,106,161,51,0,661,623,1.5647685110501692
2025-s-o-paulo-grand-prix-r,2025,São Paulo Grand Prix,GAS,55753,873,555,106,161,51,0,661,623,1.5658350223306368
2025-s-o-paulo-grand-prix-r,2025,São Paulo Grand Prix,HAD,55742,873,555,106,161,51,0,661,623,1.5661440206666428
2025-s-o-paulo-grand-prix-r,2025,São Paulo Grand Prix,HUL,55746,873,555,106,161,51,0,661,623,1.566031643525993
2025-s-o-paulo-grand-prix-r,2025,São Paulo Grand Prix,LAW,55742,873,555,106,161,51,0,661,623,1.5661440206666428
2025-s-o-paulo-grand-prix-r,2025,São Paulo Grand Prix,OCO,55759,873,555,106,161,51,0,661,623,1.5656665291701788
2025-s-o-paulo-grand-prix-r,2025,São Paulo Grand Prix,SAI,55768,873,555,106,161,51,0,661,623,1.565413857409267
2025-s-o-paulo-grand-prix-r,2025,São Paulo Grand Prix,STR,55795,873,555,106,161,51,0,661,623,1.5646563312124742
2025-s-o-paulo-grand-prix-r,2025,São Paulo Grand Prix,TSU,55906,873,555,106,161,51,0,661,623,1.5615497442135011
2025-singapore-grand-prix-r,2025,Singapore Grand Prix,ALB,60476,871,585,116,123,47,0,701,537,1.4402407566638005
2025-singapore-grand-prix-r,2025,Singapore Grand Prix,HAD,60395,871,585,116,123,47,0,701,537,1.442172365262025
2025-singapore-grand-prix-r,2025,Singapore Grand Prix,NOR,60282,871,585,116,123,47,0,701,537,1.444875750638665
2025-singapore-grand-prix-r,2025,Singapore Grand Prix,PIA,60304,871,585,116,123,47,0,701,537,1.4443486335898117
2025-singapore-grand-prix-r,2025,Singapore Grand Prix,SAI,60329,871,585,116,123,47,0,701,537,1.443750103598601
2025-singapore-grand-prix-r,2025,Singapore Grand Prix,STR,60467,871,585,116,123,47,0,701,537,1.4404551242826666
2025-singapore-grand-prix-r,2025,Singapore Grand Prix,TSU,60414,871,585,116,123,47,0,701,537,1.4417188068990632
2025-singapore-grand-prix-r,2025,Singapore Grand Prix,VER,60275,871,585,116,123,47,0,701,537,1.4450435503940273
2025-singapore-grand-prix-r,2025,Singapore Grand Prix,RUS,60221,870,585,116,123,46,0,701,536,1.4446787665432326
2025-azerbaijan-grand-prix-r,2025,Azerbaijan Grand Prix,HAD,56452,861,498,125,195,43,0,623,562,1.5251895415574293
2025-azerbaijan-grand-prix-r,2025,Azerbaijan Grand Prix,HAM,56426,861,498,125,195,43,0,623,562,1.5258923191436573
2025-azerbaijan-grand-prix-r,2025,Azerbaijan Grand Prix,LAW,56395,861,498,125,195,43,0,623,562,1.5267310931820197
2025-azerbaijan-grand-prix-r,2025,Azerbaijan Grand Prix,LEC,56433,861,498,125,195,43,0,623,562,1.5257030460900538
2025-azerbaijan-grand-prix-r,2025,Azerbaijan Grand Prix,NOR,56405,861,498,125,195,43,0,623,562,1.5264604201755163
2025-azerbaijan-grand-prix-r,2025,Azerbaijan Grand Prix,TSU,56402,861,498,125,195,43,0,623,562,1.5265416119995745
2025-bahrain-grand-prix-r,2025,Bahrain Grand Prix,ALO,57998,860,475,135,205,45,0,610,615,1.482809752060416
2025-bahrain-grand-prix-r,2025,Bahrain Grand Prix,BOR,58062,860,475,135,205,45,0,610,615,1.4811752953739106
2025-bahrain-grand-prix-r,2025,Bahrain Grand Prix,DOO,57923,860,475,135,205,45,0,610,615,1.4847297273967164
2025-bahrain-grand-prix-r,2025,Bahrain Grand Prix,HAD,57958,860,475,135,205,45,0,610,615,1.4838331205355602
2025-bahrain-grand-prix-r,2025,Bahrain Grand Prix,HUL,57930,860,475,135,205,45,0,610,615,1.4845503193509408
2025-bahrain-grand-prix-r,2025,Bahrain Grand Prix,STR,58048,860,475,135,205,45,0,610,615,1.4815325248070563
2025-italian-grand-prix-r,2025,Italian Grand Prix,BEA,44736,854,541,100,189,24,0,641,576,1.9089771101573676
2025-italian-grand-prix-r,2025,Italian Grand Prix,LAW,44866,854,541,100,189,24,0,641,576,1.9034458164311505
2025-italian-grand-prix-r,2025,Italian Grand Prix,TSU,44850,854,541,100,189,24,0,641,576,1.9041248606466
2025-azerbaijan-grand-prix-r,2025,Azerbaijan Grand Prix,ANT,56281,851,488,125,195,43,0,613,561,1.5120555782590928
2025-azerbaijan-grand-prix-r,2025,Azerbaijan Grand Prix,COL,56127,851,488,125,195,43,0,613,561,1.5162043223404067
2025-azerbaijan-grand-prix-r,2025,Azerbaijan Grand Prix,GAS,56101,851,488,125,195,43,0,613,561,1.5169070070052229
2025-azerbaijan-grand-prix-r,2025,Azerbaijan Grand Prix,RUS,56210,851,488,125,195,43,0,613,561,1.5139654865682262
2025-azerbaijan-grand-prix-r,2025,Azerbaijan Grand Prix,SAI,56255,851,488,125,195,43,0,613,561,1.5127544218291706
2025-s-o-paulo-grand-prix-r,2025,São Paulo Grand Prix,ANT,55317,849,544,103,151,51,0,647,600,1.5347903899343782
2025-s-o-paulo-grand-prix-r,2025,São Paulo Grand Prix,PIA,55364,849,544,103,151,51,0,647,600,1.5334874647785566
2025-s-o-paulo-grand-prix-r,2025,São Paulo Grand Prix,RUS,55364,849,544,103,151,51,0,647,600,1.5334874647785566
2025-s-o-paulo-grand-prix-r,2025,São Paulo Grand Prix,VER,55319,849,544,103,151,51,0,647,600,1.5347349012093494
2025-bahrain-grand-prix-r,2025,Bahrain Grand Prix,ALB,57881,848,464,135,204,45,0,599,605,1.4650748950432784
2025-bahrain-grand-prix-r,2025,Bahrain Grand Prix,ANT,57875,848,464,135,204,45,0,599,605,1.4652267818574514
2025-bahrain-grand-prix-r,2025,Bahrain Grand Prix,BEA,57870,848,464,135,204,45,0,599,605,1.465353378261621
2025-bahrain-grand-prix-r,2025,Bahrain Grand Prix,GAS,57754,848,464,135,204,45,0,599,605,1.4682965682030682
2025-bahrain-grand-prix-r,2025,Bahrain Grand Prix,LAW,57888,848,464,135,204,45,0,599,605,1.46489773355445
2025-bahrain-grand-prix-r,2025,Bahrain Grand Prix,OCO,57838,848,464,135,204,45,0,599,605,1.4661641135585601
2025-bahrain-grand-prix-r,2025,Bahrain Grand Prix,TSU,57845,848,464,135,204,45,0,599,605,1.4659866885642665
2025-bahrain-grand-prix-r,2025,Bahrain Grand Prix,VER,57736,848,464,135,204,45,0,599,605,1.468754330054039
2025-s-o-paulo-grand-prix-r,2025,São Paulo Grand Prix,NOR,55208,847,544,102,151,50,0,646,598,1.534197942327199
2025-bahrain-grand-prix-r,2025,Bahrain Grand Prix,HAM,57675,846,464,133,204,45,0,597,605,1.4668400520156046
2025-bahrain-grand-prix-r,2025,Bahrain Grand Prix,LEC,57590,846,464,133,204,45,0,597,605,1.4690050355964577
2025-bahrain-grand-prix-r,2025,Bahrain Grand Prix,NOR,57558,846,464,133,204,45,0,597,605,1.4698217450224123
2025-bahrain-grand-prix-r,2025,Bahrain Grand Prix,RUS,57549,846,464,133,204,45,0,597,605,1.4700516081947559
2025-italian-grand-prix-r,2025,Italian Grand Prix,ALB,44547,843,530,100,189,24,0,630,575,1.892383325476463
2025-italian-grand-prix-r,2025,Italian Grand Prix,ANT,44589,843,530,100,189,24,0,630,575,1.8906008208302496
2025-italian-grand-prix-r,2025,Italian Grand Prix,BOR,44627,843,530,100,189,24,0,630,575,1.8889909695923992
2025-italian-grand-prix-r,2025,Italian Grand Prix,HAD,44678,843,530,100,189,24,0,630,575,1.8868346837369623
2025-italian-grand-prix-r,2025,Italian Grand Prix,SAI,44678,843,530,100,189,24,0,630,575,1.8868346837369623
2025-azerbaijan-grand-prix-r,2025,Azerbaijan Grand Prix,VER,56057,841,478,125,195,43,0,603,561,1.5002586652871184
2025-italian-grand-prix-r,2025,Italian Grand Prix,HAM,44417,841,530,98,189,24,0,628,575,1.8934191863475696
2025-italian-grand-prix-r,2025,Italian Grand Prix,LEC,44300,841,530,98,189,24,0,628,575,1.8984198645598194
2025-italian-grand-prix-r,2025,Italian Grand Prix,NOR,44235,841,530,98,189,24,0,628,575,1.9012094495309144
2025-italian-grand-prix-r,2025,Italian Grand Prix,PIA,44256,841,530,98,189,24,0,628,575,1.9003073029645698
2025-italian-grand-prix-r,2025,Italian Grand Prix,RUS,44370,841,530,98,189,24,0,628,575,1.8954248366013071
2025-bahrain-grand-prix-r,2025,Bahrain Grand Prix,PIA,57394,835,464,132,194,45,0,596,594,1.4548559082830959
2025-italian-grand-prix-r,2025,Italian Grand Prix,COL,44116,828,517,98,189,24,0,615,574,1.8768700698159397
2025-italian-grand-prix-r,2025,Italian Grand Prix,GAS,44100,828,517,98,189,24,0,615,574,1.8775510204081631
2025-italian-grand-prix-r,2025,Italian Grand Prix,OCO,44064,828,517,98,189,24,0,615,574,1.8790849673202614
2025-italian-grand-prix-r,2025,Italian Grand Prix,STR,44133,828,517,98,189,24,0,615,574,1.8761471008089183
2025-italian-grand-prix-r,2025,Italian Grand Prix,VER,44042,828,517,98,189,24,0,615,574,1.8800236138231687
2025-saudi-arabian-grand-prix-r,2025,Saudi Arabian Grand Prix,OCO,49661,826,523,97,171,35,0,620,595,1.6632770181832828
2025-canadian-grand-prix-r,2025,Canadian Grand Prix,LAW,42454,818,464,112,201,41,0,576,613,1.926791350638338
2025-las-vegas-grand-prix-r,2025,Las Vegas Grand Prix,ALO,49534,818,514,100,146,58,0,614,559,1.6513909637824526
2025-las-vegas-grand-prix-r,2025,Las Vegas Grand Prix,GAS,49598,818,514,100,146,58,0,614,559,1.6492600508085005
2025-las-vegas-grand-prix-r,2025,Las Vegas Grand Prix,TSU,49553,818,514,100,146,58,0,614,559,1.6507577745040662
2025-las-vegas-grand-prix-r,2025,Las Vegas Grand Prix,ANT,48937,817,514,99,146,58,0,613,559,1.66949343032879
2025-las-vegas-grand-prix-r,2025,Las Vegas Grand Prix,BEA,49386,817,514,99,146,58,0,613,559,1.6543149880532946
2025-las-vegas-grand-prix-r,2025,Las Vegas Grand Prix,HAD,49133,817,514,99,146,58,0,613,559,1.6628335334703763
2025-las-vegas-grand-prix-r,2025,Las Vegas Grand Prix,HAM,49276,817,514,99,146,58,0,613,559,1.658007955191168
2025-las-vegas-grand-prix-r,2025,Las Vegas Grand Prix,HUL,49192,817,514,99,146,58,0,613,559,1.6608391608391608
2025-las-vegas-grand-prix-r,2025,Las Vegas Grand Prix,LEC,48986,817,514,99,146,58,0,613,559,1.6678234597640142
2025-las-vegas-grand-prix-r,2025,Las Vegas Grand Prix,OCO,49287,817,514,99,146,58,0,613,559,1.657637916692028
2025-las-vegas-grand-prix-r,2025,Las Vegas Grand Prix,PIA,48957,817,514,99,146,58,0,613,559,1.6688114059276509
2025-las-vegas-grand-prix-r,2025,Las Vegas Grand Prix,SAI,49032,817,514,99,146,58,0,613,559,1.6662587697829987
2025-las-vegas-grand-prix-r,2025,Las Vegas Grand Prix,NOR,48890,815,514,99,146,56,0,613,557,1.6670075680098178
2025-las-vegas-grand-prix-r,2025,Las Vegas Grand Prix,RUS,48916,815,514,99,146,56,0,613,557,1.6661215144329051
2025-saudi-arabian-grand-prix-r,2025,Saudi Arabian Grand Prix,ALB,49332,814,512,97,170,35,0,609,584,1.6500445957998864
2025-saudi-arabian-grand-prix-r,2025,Saudi Arabian Grand Prix,ALO,49424,814,512,97,170,35,0,609,584,1.646973130462933
2025-saudi-arabian-grand-prix-r,2025,Saudi Arabian Grand Prix,BEA,49457,814,512,97,170,35,0,609,584,1.6458741937440604
2025-saudi-arabian-grand-prix-r,2025,Saudi Arabian Grand Prix,HAD,49335,814,512,97,170,35,0,609,584,1.649944258639911
2025-saudi-arabian-grand-prix-r,2025,Saudi Arabian Grand Prix,LAW,49349,814,512,97,170,35,0,609,584,1.6494761798618005
2025-saudi-arabian-grand-prix-r,2025,Saudi Arabian Grand Prix,SAI,49311,814,512,97,170,35,0,609,584,1.6507472977631765
2025-japanese-grand-prix-r,2025,Japanese Grand Prix,BOR,50108,808,511,113,135,49,0,624,577,1.612516963359144
2025-japanese-grand-prix-r,2025,Japanese Grand Prix,DOO,50080,808,511,113,135,49,0,624,577,1.6134185303514377
2025-japanese-grand-prix-r,2025,Japanese Grand Prix,HUL,50087,808,511,113,135,49,0,624,577,1.6131930441032603
2025-japanese-grand-prix-r,2025,Japanese Grand Prix,LAW,50094,808,511,113,135,49,0,624,577,1.6129676208727592
2025-japanese-grand-prix-r,2025,Japanese Grand Prix,OCO,50101,808,511,113,135,49,0,624,577,1.6127422606335202
2025-japanese-grand-prix-r,2025,Japanese Grand Prix,SAI,50009,808,511,113,135,49,0,624,577,1.6157091723489774
2025-spanish-grand-prix-r,2025,Spanish Grand Prix,ALO,55987,806,564,92,109,41,0,656,535,1.439619911765231
2025-spanish-grand-prix-r,2025,Spanish Grand Prix,BEA,56041,806,564,92,109,41,0,656,535,1.438232722471048
2025-spanish-grand-prix-r,2025,Spanish Grand Prix,BOR,56031,806,564,92,109,41,0,656,535,1.4384894076493369
2025-spanish-grand-prix-r,2025,Spanish Grand Prix,COL,56085,806,564,92,109,41,0,656,535,1.4371043951145583
2025-spanish-grand-prix-r,2025,Spanish Grand Prix,LAW,56025,806,564,92,109,41,0,656,535,1.4386434627398481
2025-spanish-grand-prix-r,2025,Spanish Grand Prix,OCO,56093,806,564,92,109,41,0,656,535,1.4368994348670958
2025-spanish-grand-prix-r,2025,Spanish Grand Prix,SAI,56062,806,564,92,109,41,0,656,535,1.4376939816631586
2025-spanish-grand-prix-r,2025,Spanish Grand Prix,TSU,56058,806,564,92,109,41,0,656,535,1.437796567840451
2025-las-vegas-grand-prix-r,2025,Las Vegas Grand Prix,COL,48786,804,514,99,135,56,0,613,546,1.6480137744434877
2025-las-vegas-grand-prix-r,2025,Las Vegas Grand Prix,LAW,48714,804,514,99,135,56,0,613,546,1.6504495627540336
2025-las-vegas-grand-prix-r,2025,Las Vegas Grand Prix,VER,48682,804,514,99,135,56,0,613,546,1.6515344480506142
2025-saudi-arabian-grand-prix-r,2025,Saudi Arabian Grand Prix,ANT,49009,803,512,96,160,35,0,608,573,1.63847456589606
2025-saudi-arabian-grand-prix-r,2025,Saudi Arabian Grand Prix,BOR,48857,803,512,96,160,35,0,608,573,1.6435720572282375
2025-saudi-arabian-grand-prix-r,2025,Saudi Arabian Grand Prix,DOO,48857,803,512,96,160,35,0,608,573,1.6435720572282375
2025-saudi-arabian-grand-prix-r,2025,Saudi Arabian Grand Prix,HAM,49056,803,512,96,160,35,0,608,573,1.636904761904762
2025-saudi-arabian-grand-prix-r,2025,Saudi Arabian Grand Prix,HUL,48710,803,512,96,160,35,0,608,573,1.6485321289262986
2025-saudi-arabian-grand-prix-r,2025,Saudi Arabian Grand Prix,LEC,48746,803,512,96,160,35,0,608,573,1.6473146514585812
2025-saudi-arabian-grand-prix-r,2025,Saudi Arabian Grand Prix,NOR,48758,803,512,96,160,35,0,608,573,1.6469092251527955
2025-saudi-arabian-grand-prix-r,2025,Saudi Arabian Grand Prix,PIA,48666,803,512,96,160,35,0,608,573,1.650022603049357
2025-saudi-arabian-grand-prix-r,2025,Saudi Arabian Grand Prix,RUS,48937,803,512,96,160,35,0,608,573,1.6408852197723602
2025-saudi-arabian-grand-prix-r,2025,Saudi Arabian Grand Prix,STR,48721,803,512,96,160,35,0,608,573,1.648159931035898
2025-saudi-arabian-grand-prix-r,2025,Saudi Arabian Grand Prix,VER,48693,803,512,96,160,35,0,608,573,1.6491076746144209
2025-japanese-grand-prix-r,2025,Japanese Grand Prix,ALO,49841,795,500,113,133,49,0,613,565,1.59507233000943
2025-japanese-grand-prix-r,2025,Japanese Grand Prix,GAS,49889,795,500,113,133,49,0,613,565,1.593537653590972
2025-japanese-grand-prix-r,2025,Japanese Grand Prix,TSU,49851,795,500,113,133,49,0,613,565,1.594752362038876
2025-spanish-grand-prix-r,2025,Spanish Grand Prix,GAS,55949,795,553,92,109,41,0,645,524,1.4209369246992798
2025-spanish-grand-prix-r,2025,Spanish Grand Prix,HAD,55932,795,553,92,109,41,0,645,524,1.4213688049774726
2025-spanish-grand-prix-r,2025,Spanish Grand Prix,HAM,55927,795,553,92,109,41,0,645,524,1.4214958785559748
2025-spanish-grand-prix-r,2025,Spanish Grand Prix,HUL,55907,795,553,92,109,41,0,645,524,1.4220044001645589
2025-spanish-grand-prix-r,2025,Spanish Grand Prix,LEC,55875,795,553,92,109,41,0,645,524,1.4228187919463087
2025-spanish-grand-prix-r,2025,Spanish Grand Prix,NOR,55795,795,553,92,109,41,0,645,524,1.424858858320638
2025-spanish-grand-prix-r,2025,Spanish Grand Prix,PIA,55769,795,553,92,109,41,0,645,524,1.425523140095752
2025-spanish-grand-prix-r,2025,Spanish Grand Prix,RUS,55884,795,553,92,109,41,0,645,524,1.4225896499892634
2025-spanish-grand-prix-r,2025,Spanish Grand Prix,VER,55888,795,553,92,109,41,0,645,524,1.4224878328084742
2025-japanese-grand-prix-r,2025,Japanese Grand Prix,ALB,49670,783,488,113,133,49,0,601,554,1.5764042681699213
2025-japanese-grand-prix-r,2025,Japanese Grand Prix,BEA,49806,783,488,113,133,49,0,601,554,1.5720997470184315
2025-japanese-grand-prix-r,2025,Japanese Grand Prix,HAD,49638,783,488,113,133,49,0,601,554,1.5774205245980901
2025-japanese-grand-prix-r,2025,Japanese Grand Prix,HAM,49559,783,488,113,133,49,0,601,554,1.5799350269375896
2025-british-grand-prix-r,2025,British Grand Prix,ANT,29989,779,272,79,370,58,0,351,429,2.597619127013238
2025-japanese-grand-prix-r,2025,Japanese Grand Prix,ANT,49456,770,475,113,133,49,0,588,542,1.5569395017793595
2025-japanese-grand-prix-r,2025,Japanese Grand Prix,LEC,49429,770,475,113,133,49,0,588,542,1.5577899613587165
2025-japanese-grand-prix-r,2025,Japanese Grand Prix,RUS,49441,770,475,113,133,49,0,588,542,1.5574118646467505
2025-japanese-grand-prix-r,2025,Japanese Grand Prix,STR,49397,770,475,113,133,49,0,588,542,1.5587991173553049
2025-japanese-grand-prix-r,2025,Japanese Grand Prix,NOR,49282,767,475,112,133,47,0,587,540,1.5563491741406599
2025-japanese-grand-prix-r,2025,Japanese Grand Prix,PIA,49287,767,475,112,133,47,0,587,540,1.5561912877635076
2025-japanese-grand-prix-r,2025,Japanese Grand Prix,VER,49269,767,475,112,133,47,0,587,540,1.5567598286955286
2025-monaco-grand-prix-r,2025,Monaco Grand Prix,ALO,30571,699,456,82,138,23,0,538,451,2.2864806515979197
2025-canadian-grand-prix-r,2025,Canadian Grand Prix,ALB,37533,684,367,100,181,36,0,467,504,1.822396291263688
2025-qatar-grand-prix-r,2025,Qatar Grand Prix,BEA,38340,681,369,92,175,45,0,461,478,1.7762128325508608
2025-bahrain-grand-prix-r,2025,Bahrain Grand Prix,SAI,46568,677,351,113,179,34,0,464,499,1.4537880089331732
2025-miami-grand-prix-r,2025,Miami Grand Prix,LAW,35464,650,372,74,177,27,0,446,449,1.8328445747800588
2025-british-grand-prix-r,2025,British Grand Prix,HAD,23134,633,206,67,315,45,0,273,361,2.736232385233855
2025-emilia-romagna-grand-prix-r,2025,Emilia Romagna Grand Prix,ANT,38396,616,384,75,122,35,0,459,382,1.604333784769247
2025-las-vegas-grand-prix-r,2025,Las Vegas Grand Prix,ALB,35678,603,377,74,107,45,0,451,407,1.690117159033578
2025-australian-grand-prix-r,2025,Australian Grand Prix,ALO,34944,597,389,73,106,29,0,462,375,1.708447802197802
2025-spanish-grand-prix-r,2025,Spanish Grand Prix,ANT,44998,574,371,80,84,39,0,451,375,1.2756122494333082
2025-mexico-city-grand-prix-r,2025,Mexico City Grand Prix,ALO,28862,565,408,73,54,30,0,481,298,1.957591296514448
2025-miami-grand-prix-r,2025,Miami Grand Prix,BOR,30933,559,344,63,128,24,0,407,362,1.8071315423657581
2025-miami-grand-prix-r,2025,Miami Grand Prix,BEA,27407,495,299,61,116,19,0,360,318,1.8061079286313717
2025-s-o-paulo-grand-prix-r,2025,São Paulo Grand Prix,HAM,30621,486,312,70,73,31,0,382,322,1.5871460762222005
2025-dutch-grand-prix-r,2025,Dutch Grand Prix,HAM,18354,461,235,42,153,31,0,277,184,2.511714067778141
2025-emilia-romagna-grand-prix-r,2025,Emilia Romagna Grand Prix,OCO,24120,423,296,38,67,22,0,334,256,1.7537313432835822
2025-mexico-city-grand-prix-r,2025,Mexico City Grand Prix,HUL,21245,417,303,53,42,19,0,356,198,1.9628147799482232
2025-italian-grand-prix-r,2025,Italian Grand Prix,ALO,20813,356,223,36,90,7,0,259,255,1.7104694181521167
2025-austrian-grand-prix-r,2025,Austrian Grand Prix,ALB,11999,335,177,28,111,19,0,205,134,2.791899324943745
2025-spanish-grand-prix-r,2025,Spanish Grand Prix,ALB,23029,328,202,45,58,23,0,247,206,1.4242911112076078
2025-british-grand-prix-r,2025,British Grand Prix,BOR,5590,190,54,15,115,6,0,69,121,3.3989266547406083
2025-qatar-grand-prix-r,2025,Qatar Grand Prix,HUL,6865,129,58,21,41,9,0,79,85,1.8790968681718863
2025-s-o-paulo-grand-prix-r,2025,São Paulo Grand Prix,LEC,6781,125,77,20,22,6,0,97,80,1.8433859312785725
2025-monaco-grand-prix-r,2025,Monaco Grand Prix,GAS,7510,119,79,15,20,5,0,94,86,1.584553928095872
2025-united-states-grand-prix-r,2025,United States Grand Prix,SAI,6592,115,98,7,3,7,0,105,52,1.7445388349514563
2025-chinese-grand-prix-r,2025,Chinese Grand Prix,ALO,4454,102,48,11,38,5,0,59,82,2.2900763358778624
2025-mexico-city-grand-prix-r,2025,Mexico City Grand Prix,LAW,4813,69,57,9,0,3,0,66,13,1.4336172865156867
2025-las-vegas-grand-prix-r,2025,Las Vegas Grand Prix,BOR,2918,52,25,11,9,7,0,36,29,1.782042494859493
2025-austrian-grand-prix-r,2025,Austrian Grand Prix,ANT,879,39,24,0,12,3,0,24,15,4.436860068259386
2025-austrian-grand-prix-r,2025,Austrian Grand Prix,VER,879,39,24,0,12,3,0,24,15,4.436860068259386
2025-australian-grand-prix-r,2025,Australian Grand Prix,DOO,1170,28,11,6,9,2,0,17,24,2.3931623931623935
2025-australian-grand-prix-r,2025,Australian Grand Prix,HAD,1170,28,11,6,9,2,0,17,24,2.3931623931623935
2025-australian-grand-prix-r,2025,Australian Grand Prix,SAI,1170,28,11,6,9,2,0,17,24,2.3931623931623935
2025-british-grand-prix-r,2025,British Grand Prix,LAW,1056,26,0,3,23,0,0,3,23,2.462121212121212
2025-miami-grand-prix-r,2025,Miami Grand Prix,DOO,956,23,11,2,8,2,0,13,13,2.405857740585774
2025-saudi-arabian-grand-prix-r,2025,Saudi Arabian Grand Prix,GAS,1229,18,12,3,1,2,0,15,15,1.4646053702196908
2025-saudi-arabian-grand-prix-r,2025,Saudi Arabian Grand Prix,TSU,1656,18,12,3,1,2,0,15,15,1.0869565217391304
2025-azerbaijan-grand-prix-r,2025,Azerbaijan Grand Prix,PIA,1286,16,13,2,0,1,0,15,3,1.244167962674961
2025-las-vegas-grand-prix-r,2025,Las Vegas Grand Prix,STR,1017,8,0,5,0,3,0,5,8,0.7866273352999017
2025-s-o-paulo-grand-prix-r,2025,São Paulo Grand Prix,BOR,778,3,0,3,0,0,0,3,0,0.3856041131105398
