session_id,event_round,event_name,speed_bin_number,reference_laps,speed_q10_kmh,speed_median_kmh,speed_q90_kmh
2025-australian-grand-prix-r,1,Australian Grand Prix,1,517,245.44285714285715,258.0625,270.24583333333334
2025-australian-grand-prix-r,1,Australian Grand Prix,2,517,141.3470588235294,153.3125,165.7279411764706
2025-australian-grand-prix-r,1,Australian Grand Prix,3,517,237.73856209150327,250.05882352941177,258.5422222222222
2025-australian-grand-prix-r,1,Australian Grand Prix,4,517,172.0375,186.64705882352942,203.73931888544894
2025-australian-grand-prix-r,1,Australian Grand Prix,5,517,96.86666666666666,102.125,112.37142857142857
2025-australian-grand-prix-r,1,Australian Grand Prix,6,517,147.6315789473684,159.625,175.85820433436533
2025-australian-grand-prix-r,1,Australian Grand Prix,7,517,200.81176470588235,224.5,241.82083333333333
2025-australian-grand-prix-r,1,Australian Grand Prix,8,517,186.46501547987614,200.68421052631578,211.94248366013073
2025-australian-grand-prix-r,1,Australian Grand Prix,9,517,227.05555555555554,249.72222222222223,261.05333333333334
2025-australian-grand-prix-r,1,Australian Grand Prix,10,517,282.91137254901963,289.52941176470586,294.29411764705884
2025-australian-grand-prix-r,1,Australian Grand Prix,11,517,297.3099415204678,301.53846153846155,312.87
2025-australian-grand-prix-r,1,Australian Grand Prix,12,517,225.94444444444446,243.16666666666666,259.38157894736844
2025-australian-grand-prix-r,1,Australian Grand Prix,13,517,187.20877192982456,206.85,223.25833333333335
2025-australian-grand-prix-r,1,Australian Grand Prix,14,517,267.88049535603716,275.9,282.1657142857143
2025-australian-grand-prix-r,1,Australian Grand Prix,15,517,125.01307189542484,143.47368421052633,165.2843137254902
2025-australian-grand-prix-r,1,Australian Grand Prix,16,517,156.43333333333334,166.85,175.1764705882353
2025-australian-grand-prix-r,1,Australian Grand Prix,17,517,169.2,178.41176470588235,188.51176470588234
2025-australian-grand-prix-r,1,Australian Grand Prix,18,517,89.03157894736842,93.83333333333333,100.06416666666667
2025-australian-grand-prix-r,1,Australian Grand Prix,19,517,151.8346749226006,159.16666666666666,167.53333333333333
2025-australian-grand-prix-r,1,Australian Grand Prix,20,517,254.84941176470588,259.6842105263158,267.34736842105264
2025-chinese-grand-prix-r,2,Chinese Grand Prix,1,992,284.05960784313726,288.5,298.5263157894737
2025-chinese-grand-prix-r,2,Chinese Grand Prix,2,992,207.89938080495355,221.14166666666665,232.13571428571427
2025-chinese-grand-prix-r,2,Chinese Grand Prix,3,992,98.95,104.28174603174602,108.52910216718266
2025-chinese-grand-prix-r,2,Chinese Grand Prix,4,992,99.11838235294118,104.43650793650794,108.84122807017543
2025-chinese-grand-prix-r,2,Chinese Grand Prix,5,992,214.24705882352941,221.40588235294118,228.5978947368421
2025-chinese-grand-prix-r,2,Chinese Grand Prix,6,992,194.67222222222222,207.94281045751634,219.35
2025-chinese-grand-prix-r,2,Chinese Grand Prix,7,992,120.4375,128.38888888888889,137.0
2025-chinese-grand-prix-r,2,Chinese Grand Prix,8,992,241.1357894736842,247.31578947368422,253.665
2025-chinese-grand-prix-r,2,Chinese Grand Prix,9,992,204.66666666666666,213.95,222.70371517027866
2025-chinese-grand-prix-r,2,Chinese Grand Prix,10,992,135.1,140.78362573099415,145.79894736842107
2025-chinese-grand-prix-r,2,Chinese Grand Prix,11,992,177.75277777777777,188.72777777777776,198.9491176470588
2025-chinese-grand-prix-r,2,Chinese Grand Prix,12,992,198.6636029411765,210.48529411764707,221.5
2025-chinese-grand-prix-r,2,Chinese Grand Prix,13,992,103.65166666666667,108.93933823529412,113.36842105263158
2025-chinese-grand-prix-r,2,Chinese Grand Prix,14,992,190.53082706766915,202.36944444444444,212.9370588235294
2025-chinese-grand-prix-r,2,Chinese Grand Prix,15,992,274.58421052631576,280.05882352941177,284.9441176470588
2025-chinese-grand-prix-r,2,Chinese Grand Prix,16,992,305.70751633986924,307.81652661064425,315.4973684210526
2025-chinese-grand-prix-r,2,Chinese Grand Prix,17,992,265.5292397660819,278.4392857142857,289.9909090909091
2025-chinese-grand-prix-r,2,Chinese Grand Prix,18,992,83.3157894736842,87.3157894736842,91.31421052631579
2025-chinese-grand-prix-r,2,Chinese Grand Prix,19,992,201.21300309597524,207.0,211.78830409356723
2025-chinese-grand-prix-r,2,Chinese Grand Prix,20,992,207.04617224880383,213.47058823529412,219.3988888888889
2025-japanese-grand-prix-r,3,Japanese Grand Prix,1,988,289.75529411764705,293.0,305.58173374613
2025-japanese-grand-prix-r,3,Japanese Grand Prix,2,988,280.33705882352945,290.82291666666663,297.7824561403509
2025-japanese-grand-prix-r,3,Japanese Grand Prix,3,988,173.27894736842106,182.67543859649123,191.30588235294118
2025-japanese-grand-prix-r,3,Japanese Grand Prix,4,988,212.28070175438597,222.22875816993465,232.1404411764706
2025-japanese-grand-prix-r,3,Japanese Grand Prix,5,988,196.09542483660132,204.91319444444446,213.30588235294118
2025-japanese-grand-prix-r,3,Japanese Grand Prix,6,988,198.79333333333335,210.91812865497076,222.93801169590645
2025-japanese-grand-prix-r,3,Japanese Grand Prix,7,988,254.6636842105263,264.45208333333335,273.3985380116959
2025-japanese-grand-prix-r,3,Japanese Grand Prix,8,988,202.11764705882354,214.94444444444446,227.68666666666667
2025-japanese-grand-prix-r,3,Japanese Grand Prix,9,988,178.57,193.12132352941177,206.40460526315792
2025-japanese-grand-prix-r,3,Japanese Grand Prix,10,988,145.20736842105262,161.4686274509804,180.0701754385965
2025-japanese-grand-prix-r,3,Japanese Grand Prix,11,988,109.83322368421052,121.6470588235294,133.01764705882354
2025-japanese-grand-prix-r,3,Japanese Grand Prix,12,988,243.31666666666666,250.4281045751634,257.4534615384615
2025-japanese-grand-prix-r,3,Japanese Grand Prix,13,988,279.8714932126697,283.55555555555554,287.125
2025-japanese-grand-prix-r,3,Japanese Grand Prix,14,988,178.86470588235292,185.1764705882353,191.35714285714286
2025-japanese-grand-prix-r,3,Japanese Grand Prix,15,988,209.24558823529412,219.76736111111111,229.23055555555555
2025-japanese-grand-prix-r,3,Japanese Grand Prix,16,988,284.05555555555554,287.6111111111111,291.125
2025-japanese-grand-prix-r,3,Japanese Grand Prix,17,988,302.49117647058824,304.8235294117647,307.45228758169935
2025-japanese-grand-prix-r,3,Japanese Grand Prix,18,988,228.21470588235294,239.79901960784315,250.61527777777778
2025-japanese-grand-prix-r,3,Japanese Grand Prix,19,988,97.61111111111111,101.27777777777777,104.84947368421052
2025-japanese-grand-prix-r,3,Japanese Grand Prix,20,988,219.68125,224.97222222222223,230.6479411764706
2025-bahrain-grand-prix-r,4,Bahrain Grand Prix,1,920,294.1578947368421,299.1345029239766,315.455
2025-bahrain-grand-prix-r,4,Bahrain Grand Prix,2,920,199.61714285714285,217.23611111111111,232.15684210526317
2025-bahrain-grand-prix-r,4,Bahrain Grand Prix,3,920,86.32777777777777,92.0,97.61964285714286
2025-bahrain-grand-prix-r,4,Bahrain Grand Prix,4,920,209.76045751633987,218.52272727272725,227.9422969187675
2025-bahrain-grand-prix-r,4,Bahrain Grand Prix,5,920,236.6625,248.19617224880383,258.6066666666667
2025-bahrain-grand-prix-r,4,Bahrain Grand Prix,6,920,129.55294117647057,135.33333333333334,141.26625386996903
2025-bahrain-grand-prix-r,4,Bahrain Grand Prix,7,920,194.21578947368423,201.95346320346323,208.81360294117647
2025-bahrain-grand-prix-r,4,Bahrain Grand Prix,8,920,179.05820433436534,187.9375,196.59191176470588
2025-bahrain-grand-prix-r,4,Bahrain Grand Prix,9,920,88.77499999999999,93.3,98.24553571428572
2025-bahrain-grand-prix-r,4,Bahrain Grand Prix,10,920,206.8,211.81652661064425,216.39117647058822
2025-bahrain-grand-prix-r,4,Bahrain Grand Prix,11,920,90.19904761904762,95.94117647058823,101.71029411764705
2025-bahrain-grand-prix-r,4,Bahrain Grand Prix,12,920,189.66315789473683,199.21052631578948,208.10666666666665
2025-bahrain-grand-prix-r,4,Bahrain Grand Prix,13,920,253.98095238095237,262.6111111111111,270.7583333333333
2025-bahrain-grand-prix-r,4,Bahrain Grand Prix,14,920,156.37443609022557,163.0,169.4021739130435
2025-bahrain-grand-prix-r,4,Bahrain Grand Prix,15,920,233.61,239.77124183006535,246.12828947368422
2025-bahrain-grand-prix-r,4,Bahrain Grand Prix,16,920,147.05263157894737,155.32456140350877,163.8888544891641
2025-bahrain-grand-prix-r,4,Bahrain Grand Prix,17,920,216.33333333333334,222.84166666666667,229.0
2025-bahrain-grand-prix-r,4,Bahrain Grand Prix,18,920,265.555,272.2111111111111,277.8544736842106
2025-bahrain-grand-prix-r,4,Bahrain Grand Prix,19,920,139.5,144.77777777777777,150.66666666666666
2025-bahrain-grand-prix-r,4,Bahrain Grand Prix,20,920,249.9467492260062,254.21637426900585,258.55555555555554
2025-saudi-arabian-grand-prix-r,5,Saudi Arabian Grand Prix,1,719,300.98823529411766,306.26666666666665,313.4496732026144
2025-saudi-arabian-grand-prix-r,5,Saudi Arabian Grand Prix,2,719,110.98823529411764,122.22222222222223,134.01052631578946
2025-saudi-arabian-grand-prix-r,5,Saudi Arabian Grand Prix,3,719,147.0,156.0,164.68333333333334
2025-saudi-arabian-grand-prix-r,5,Saudi Arabian Grand Prix,4,719,197.22222222222223,206.5,216.42414860681114
2025-saudi-arabian-grand-prix-r,5,Saudi Arabian Grand Prix,5,719,194.33555555555554,205.88235294117646,214.65555555555557
2025-saudi-arabian-grand-prix-r,5,Saudi Arabian Grand Prix,6,719,221.87272727272727,231.33333333333334,239.9578947368421
2025-saudi-arabian-grand-prix-r,5,Saudi Arabian Grand Prix,7,719,220.2059210526316,234.27777777777777,245.49411764705883
2025-saudi-arabian-grand-prix-r,5,Saudi Arabian Grand Prix,8,719,280.7751633986928,284.875,288.43888888888887
2025-saudi-arabian-grand-prix-r,5,Saudi Arabian Grand Prix,9,719,157.7047619047619,163.88888888888889,171.0793650793651
2025-saudi-arabian-grand-prix-r,5,Saudi Arabian Grand Prix,10,719,223.16784313725492,237.47058823529412,246.85555555555558
2025-saudi-arabian-grand-prix-r,5,Saudi Arabian Grand Prix,11,719,219.92894736842106,228.3684210526316,236.67333333333332
2025-saudi-arabian-grand-prix-r,5,Saudi Arabian Grand Prix,12,719,220.80882352941177,237.78947368421052,249.24705882352941
2025-saudi-arabian-grand-prix-r,5,Saudi Arabian Grand Prix,13,719,294.3936842105263,298.29411764705884,302.22222222222223
2025-saudi-arabian-grand-prix-r,5,Saudi Arabian Grand Prix,14,719,285.1815789473684,296.10526315789474,307.24086687306504
2025-saudi-arabian-grand-prix-r,5,Saudi Arabian Grand Prix,15,719,195.96842105263158,205.1578947368421,214.3505882352941
2025-saudi-arabian-grand-prix-r,5,Saudi Arabian Grand Prix,16,719,277.0,282.22222222222223,287.06315789473683
2025-saudi-arabian-grand-prix-r,5,Saudi Arabian Grand Prix,17,719,308.73065015479875,312.3125,323.2730263157895
2025-saudi-arabian-grand-prix-r,5,Saudi Arabian Grand Prix,18,719,185.55,198.47058823529412,210.41333333333336
2025-saudi-arabian-grand-prix-r,5,Saudi Arabian Grand Prix,19,719,153.54526315789474,162.55555555555554,170.91111111111113
2025-saudi-arabian-grand-prix-r,5,Saudi Arabian Grand Prix,20,719,272.16,275.94117647058823,280.41830065359477
2025-miami-grand-prix-r,6,Miami Grand Prix,1,809,262.65833333333336,271.1111111111111,278.76
2025-miami-grand-prix-r,6,Miami Grand Prix,2,809,111.12352941176471,117.61904761904762,124.07333333333334
2025-miami-grand-prix-r,6,Miami Grand Prix,3,809,204.75620915032678,214.3125,223.67083333333332
2025-miami-grand-prix-r,6,Miami Grand Prix,4,809,271.63157894736844,276.8888888888889,281.8049122807017
2025-miami-grand-prix-r,6,Miami Grand Prix,5,809,217.22352941176473,227.05882352941177,238.80470588235295
2025-miami-grand-prix-r,6,Miami Grand Prix,6,809,163.5267973856209,171.26315789473685,179.0235294117647
2025-miami-grand-prix-r,6,Miami Grand Prix,7,809,167.40261437908498,183.52941176470588,198.38235294117646
2025-miami-grand-prix-r,6,Miami Grand Prix,8,809,273.8705882352941,280.5263157894737,286.19444444444446
2025-miami-grand-prix-r,6,Miami Grand Prix,9,809,308.4117647058824,311.5,317.8764705882353
2025-miami-grand-prix-r,6,Miami Grand Prix,10,809,298.27222222222224,307.3333333333333,317.6529411764706
2025-miami-grand-prix-r,6,Miami Grand Prix,11,809,107.30555555555556,113.70588235294117,120.73777777777778
2025-miami-grand-prix-r,6,Miami Grand Prix,12,809,105.71895424836602,110.58823529411765,115.22483660130719
2025-miami-grand-prix-r,6,Miami Grand Prix,13,809,107.76470588235294,113.0,117.72222222222223
2025-miami-grand-prix-r,6,Miami Grand Prix,14,809,86.56964285714285,90.25,93.58080495356037
2025-miami-grand-prix-r,6,Miami Grand Prix,15,809,197.9875,209.9375,220.33333333333334
2025-miami-grand-prix-r,6,Miami Grand Prix,16,809,288.2633333333333,291.8333333333333,295.56023391812863
2025-miami-grand-prix-r,6,Miami Grand Prix,17,809,311.92747252747256,316.0625,328.17083333333335
2025-miami-grand-prix-r,6,Miami Grand Prix,18,809,163.13333333333333,177.31578947368422,189.83333333333334
2025-miami-grand-prix-r,6,Miami Grand Prix,19,809,119.29084967320262,125.83333333333333,132.81470588235294
2025-miami-grand-prix-r,6,Miami Grand Prix,20,809,251.32549019607845,255.5,259.6470588235294
2025-emilia-romagna-grand-prix-r,7,Emilia Romagna Grand Prix,1,935,289.18,293.6666666666667,306.3125
2025-emilia-romagna-grand-prix-r,7,Emilia Romagna Grand Prix,2,935,301.25666666666666,307.06666666666666,328.9263736263736
2025-emilia-romagna-grand-prix-r,7,Emilia Romagna Grand Prix,3,935,197.4,220.6875,239.69333333333336
2025-emilia-romagna-grand-prix-r,7,Emilia Romagna Grand Prix,4,935,195.96666666666667,204.23076923076923,211.67252747252746
2025-emilia-romagna-grand-prix-r,7,Emilia Romagna Grand Prix,5,935,264.4823529411765,268.46666666666664,272.2780952380952
2025-emilia-romagna-grand-prix-r,7,Emilia Romagna Grand Prix,6,935,181.9271794871795,194.4375,209.2625
2025-emilia-romagna-grand-prix-r,7,Emilia Romagna Grand Prix,7,935,171.3361344537815,181.8,191.38076923076923
2025-emilia-romagna-grand-prix-r,7,Emilia Romagna Grand Prix,8,935,113.78571428571429,120.4,127.0635294117647
2025-emilia-romagna-grand-prix-r,7,Emilia Romagna Grand Prix,9,935,230.13714285714286,236.7058823529412,242.85384615384618
2025-emilia-romagna-grand-prix-r,7,Emilia Romagna Grand Prix,10,935,228.09948717948717,237.2,245.7
2025-emilia-romagna-grand-prix-r,7,Emilia Romagna Grand Prix,11,935,234.06196078431373,241.13333333333333,247.83428571428573
2025-emilia-romagna-grand-prix-r,7,Emilia Romagna Grand Prix,12,935,184.48,197.0,208.6153846153846
2025-emilia-romagna-grand-prix-r,7,Emilia Romagna Grand Prix,13,935,178.13725490196077,186.58333333333334,194.53176470588235
2025-emilia-romagna-grand-prix-r,7,Emilia Romagna Grand Prix,14,935,214.96470588235294,225.0,234.64444444444445
2025-emilia-romagna-grand-prix-r,7,Emilia Romagna Grand Prix,15,935,110.54857142857142,115.57142857142857,120.44000000000001
2025-emilia-romagna-grand-prix-r,7,Emilia Romagna Grand Prix,16,935,222.8672268907563,229.5,235.8
2025-emilia-romagna-grand-prix-r,7,Emilia Romagna Grand Prix,17,935,277.15384615384613,281.6666666666667,286.46181818181816
2025-emilia-romagna-grand-prix-r,7,Emilia Romagna Grand Prix,18,935,131.025,138.11764705882354,146.13575757575757
2025-emilia-romagna-grand-prix-r,7,Emilia Romagna Grand Prix,19,935,160.16,166.52941176470588,173.2
2025-emilia-romagna-grand-prix-r,7,Emilia Romagna Grand Prix,20,935,251.18588235294118,255.0,259.8
2025-monaco-grand-prix-r,8,Monaco Grand Prix,1,1159,180.375,192.41666666666666,203.42857142857142
2025-monaco-grand-prix-r,8,Monaco Grand Prix,2,1159,157.41333333333333,167.14285714285714,175.2214285714286
2025-monaco-grand-prix-r,8,Monaco Grand Prix,3,1159,241.93238095238095,248.5,253.09166666666667
2025-monaco-grand-prix-r,8,Monaco Grand Prix,4,1159,155.72,167.7058823529412,179.42857142857142
2025-monaco-grand-prix-r,8,Monaco Grand Prix,5,1159,140.5648351648352,151.6,159.75384615384615
2025-monaco-grand-prix-r,8,Monaco Grand Prix,6,1159,109.14761904761905,121.93333333333334,132.8502564102564
2025-monaco-grand-prix-r,8,Monaco Grand Prix,7,1159,89.14095238095238,94.71428571428571,99.75
2025-monaco-grand-prix-r,8,Monaco Grand Prix,8,1159,57.333333333333336,61.4,65.44090909090909
2025-monaco-grand-prix-r,8,Monaco Grand Prix,9,1159,87.93333333333334,91.33333333333333,94.78571428571429
2025-monaco-grand-prix-r,8,Monaco Grand Prix,10,1159,110.84285714285714,122.53846153846153,133.87515151515152
2025-monaco-grand-prix-r,8,Monaco Grand Prix,11,1159,233.3,240.33333333333334,247.71809523809523
2025-monaco-grand-prix-r,8,Monaco Grand Prix,12,1159,214.66190476190476,238.15384615384616,254.3466666666667
2025-monaco-grand-prix-r,8,Monaco Grand Prix,13,1159,75.24705882352941,81.0625,87.27047619047619
2025-monaco-grand-prix-r,8,Monaco Grand Prix,14,1159,164.81704545454545,174.73333333333332,182.07142857142858
2025-monaco-grand-prix-r,8,Monaco Grand Prix,15,1159,171.14095238095237,183.0,192.57714285714286
2025-monaco-grand-prix-r,8,Monaco Grand Prix,16,1159,155.4375,170.0,182.39102564102564
2025-monaco-grand-prix-r,8,Monaco Grand Prix,17,1159,138.58487394957984,147.0,154.20285714285714
2025-monaco-grand-prix-r,8,Monaco Grand Prix,18,1159,73.625,77.76923076923077,81.46666666666667
2025-monaco-grand-prix-r,8,Monaco Grand Prix,19,1159,98.38269230769231,105.73333333333333,112.60499999999999
2025-monaco-grand-prix-r,8,Monaco Grand Prix,20,1159,221.26333333333335,227.41666666666666,233.25
2025-spanish-grand-prix-r,9,Spanish Grand Prix,1,981,293.6,297.42857142857144,308.0
2025-spanish-grand-prix-r,9,Spanish Grand Prix,2,981,305.7647058823529,309.93333333333334,324.1333333333333
2025-spanish-grand-prix-r,9,Spanish Grand Prix,3,981,154.5,175.0,190.11764705882354
2025-spanish-grand-prix-r,9,Spanish Grand Prix,4,981,176.53333333333333,183.3125,190.14285714285714
2025-spanish-grand-prix-r,9,Spanish Grand Prix,5,981,212.46153846153845,221.3,232.5
2025-spanish-grand-prix-r,9,Spanish Grand Prix,6,981,251.6,260.8,268.06666666666666
2025-spanish-grand-prix-r,9,Spanish Grand Prix,7,981,136.71428571428572,145.75,154.3125
2025-spanish-grand-prix-r,9,Spanish Grand Prix,8,981,196.8125,203.94444444444446,210.3846153846154
2025-spanish-grand-prix-r,9,Spanish Grand Prix,9,981,105.625,112.5,120.0
2025-spanish-grand-prix-r,9,Spanish Grand Prix,10,981,178.07692307692307,187.94444444444446,197.5
2025-spanish-grand-prix-r,9,Spanish Grand Prix,11,981,170.9375,181.14285714285714,190.71428571428572
2025-spanish-grand-prix-r,9,Spanish Grand Prix,12,981,196.0625,204.35294117647058,211.4
2025-spanish-grand-prix-r,9,Spanish Grand Prix,13,981,223.94117647058823,233.13333333333333,242.5
2025-spanish-grand-prix-r,9,Spanish Grand Prix,14,981,268.94117647058823,274.8125,281.2307692307692
2025-spanish-grand-prix-r,9,Spanish Grand Prix,15,981,120.15384615384616,129.25,140.21428571428572
2025-spanish-grand-prix-r,9,Spanish Grand Prix,16,981,150.8125,156.2,162.4375
2025-spanish-grand-prix-r,9,Spanish Grand Prix,17,981,116.75,121.6,127.33333333333333
2025-spanish-grand-prix-r,9,Spanish Grand Prix,18,981,193.5,200.58823529411765,208.125
2025-spanish-grand-prix-r,9,Spanish Grand Prix,19,981,241.69230769230768,248.625,255.92857142857142
2025-spanish-grand-prix-r,9,Spanish Grand Prix,20,981,252.78571428571428,258.9166666666667,265.14285714285717
2025-canadian-grand-prix-r,10,Canadian Grand Prix,1,1148,220.93190476190478,231.53333333333333,242.0375
2025-canadian-grand-prix-r,10,Canadian Grand Prix,2,1148,91.55375,95.66666666666667,100.02
2025-canadian-grand-prix-r,10,Canadian Grand Prix,3,1148,144.22095588235294,154.84615384615384,165.0
2025-canadian-grand-prix-r,10,Canadian Grand Prix,4,1148,186.25,193.79285714285714,202.0
2025-canadian-grand-prix-r,10,Canadian Grand Prix,5,1148,165.42499999999998,177.57738095238096,187.97625
2025-canadian-grand-prix-r,10,Canadian Grand Prix,6,1148,236.85,242.0,248.3846153846154
2025-canadian-grand-prix-r,10,Canadian Grand Prix,7,1148,114.3125,120.13333333333334,127.26875
2025-canadian-grand-prix-r,10,Canadian Grand Prix,8,1148,176.8521212121212,191.53589743589743,202.3625
2025-canadian-grand-prix-r,10,Canadian Grand Prix,9,1148,268.4348214285714,273.2857142857143,278.6236263736264
2025-canadian-grand-prix-r,10,Canadian Grand Prix,10,1148,186.21785714285716,199.44957983193277,213.78125
2025-canadian-grand-prix-r,10,Canadian Grand Prix,11,1148,166.06541666666666,180.58125,191.08111888111887
2025-canadian-grand-prix-r,10,Canadian Grand Prix,12,1148,259.2392857142857,265.9166666666667,271.0
2025-canadian-grand-prix-r,10,Canadian Grand Prix,13,1148,154.62666666666667,170.03571428571428,187.51153846153846
2025-canadian-grand-prix-r,10,Canadian Grand Prix,14,1148,79.66666666666667,88.76696832579185,97.37857142857143
2025-canadian-grand-prix-r,10,Canadian Grand Prix,15,1148,203.65604395604396,217.40833333333333,227.25042016806722
2025-canadian-grand-prix-r,10,Canadian Grand Prix,16,1148,281.1666666666667,284.5798319327731,288.8647058823529
2025-canadian-grand-prix-r,10,Canadian Grand Prix,17,1148,302.0,306.73333333333335,324.4426136363636
2025-canadian-grand-prix-r,10,Canadian Grand Prix,18,1148,210.33846153846153,231.07417582417582,247.07307692307694
2025-canadian-grand-prix-r,10,Canadian Grand Prix,19,1148,157.5388888888889,167.6076923076923,175.7923076923077
2025-canadian-grand-prix-r,10,Canadian Grand Prix,20,1148,257.8,262.3100961538462,267.2958823529412
2025-austrian-grand-prix-r,11,Austrian Grand Prix,1,930,289.61538461538464,294.0,303.75357142857143
2025-austrian-grand-prix-r,11,Austrian Grand Prix,2,930,166.33076923076925,181.0,192.93076923076924
2025-austrian-grand-prix-r,11,Austrian Grand Prix,3,930,181.7237762237762,189.6076923076923,196.46647727272727
2025-austrian-grand-prix-r,11,Austrian Grand Prix,4,930,266.765034965035,271.29285714285714,279.17307692307696
2025-austrian-grand-prix-r,11,Austrian Grand Prix,5,930,293.5379487179487,298.1602564102564,311.3875
2025-austrian-grand-prix-r,11,Austrian Grand Prix,6,930,135.78406593406592,164.44166666666666,182.92362637362638
2025-austrian-grand-prix-r,11,Austrian Grand Prix,7,930,89.28380952380952,96.46153846153847,104.15164835164835
2025-austrian-grand-prix-r,11,Austrian Grand Prix,8,930,211.25,219.73863636363637,229.0076923076923
2025-austrian-grand-prix-r,11,Austrian Grand Prix,9,930,279.3054945054945,283.7321428571429,295.10333333333335
2025-austrian-grand-prix-r,11,Austrian Grand Prix,10,930,179.60384615384615,208.92820512820515,230.25314685314686
2025-austrian-grand-prix-r,11,Austrian Grand Prix,11,930,114.66428571428573,120.79285714285714,128.5
2025-austrian-grand-prix-r,11,Austrian Grand Prix,12,930,218.99,226.14835164835165,233.46205128205128
2025-austrian-grand-prix-r,11,Austrian Grand Prix,13,930,194.87321428571428,213.92582417582418,227.0076923076923
2025-austrian-grand-prix-r,11,Austrian Grand Prix,14,930,192.84153846153845,199.78571428571428,205.61813186813185
2025-austrian-grand-prix-r,11,Austrian Grand Prix,15,930,194.73142857142855,203.92307692307693,212.85809523809525
2025-austrian-grand-prix-r,11,Austrian Grand Prix,16,930,245.53794871794872,250.07417582417582,254.85714285714286
2025-austrian-grand-prix-r,11,Austrian Grand Prix,17,930,282.3957142857143,286.3205128205128,290.71785714285716
2025-austrian-grand-prix-r,11,Austrian Grand Prix,18,930,221.46153846153845,234.46410256410257,246.00625
2025-austrian-grand-prix-r,11,Austrian Grand Prix,19,930,175.66363636363636,184.15384615384616,192.07761904761907
2025-austrian-grand-prix-r,11,Austrian Grand Prix,20,930,241.69182692307692,246.6153846153846,251.33333333333334
2025-british-grand-prix-r,12,British Grand Prix,1,224,246.68333333333334,265.99603174603175,276.97017543859647
2025-british-grand-prix-r,12,British Grand Prix,2,224,214.41868421052632,253.02380952380952,273.86583850931675
2025-british-grand-prix-r,12,British Grand Prix,3,224,120.045,131.32456140350877,155.44853801169594
2025-british-grand-prix-r,12,British Grand Prix,4,224,85.57708333333333,90.2673796791444,97.66348684210527
2025-british-grand-prix-r,12,British Grand Prix,5,224,144.01818181818183,164.85000000000002,180.85500000000002
2025-british-grand-prix-r,12,British Grand Prix,6,224,262.59026315789475,273.5,280.0183333333334
2025-british-grand-prix-r,12,British Grand Prix,7,224,173.51,206.6984126984127,230.5425
2025-british-grand-prix-r,12,British Grand Prix,8,224,110.6821052631579,118.3842105263158,127.80555555555556
2025-british-grand-prix-r,12,British Grand Prix,9,224,111.58657894736842,124.1,151.1627272727273
2025-british-grand-prix-r,12,British Grand Prix,10,224,241.46666666666667,253.61111111111111,265.0833333333333
2025-british-grand-prix-r,12,British Grand Prix,11,224,236.7121052631579,260.0261437908497,282.3932352941177
2025-british-grand-prix-r,12,British Grand Prix,12,224,237.93962848297213,254.21031746031747,270.9325396825397
2025-british-grand-prix-r,12,British Grand Prix,13,224,226.09666666666666,258.88995215311,280.04375
2025-british-grand-prix-r,12,British Grand Prix,14,224,158.09815789473686,171.35233918128654,190.01754385964915
2025-british-grand-prix-r,12,British Grand Prix,15,224,233.50333333333333,243.88888888888889,261.8358288770053
2025-british-grand-prix-r,12,British Grand Prix,16,224,279.63,299.3065789473684,306.23090909090905
2025-british-grand-prix-r,12,British Grand Prix,17,224,164.29500000000002,193.53690476190476,214.98333333333335
2025-british-grand-prix-r,12,British Grand Prix,18,224,188.9578947368421,212.36944444444444,226.04736842105265
2025-british-grand-prix-r,12,British Grand Prix,19,224,87.12982456140351,93.60952380952381,99.74509803921569
2025-british-grand-prix-r,12,British Grand Prix,20,224,155.45,170.075,180.46
2025-belgian-grand-prix-r,13,Belgian Grand Prix,1,483,224.96666666666667,231.89473684210526,237.83188405797102
2025-belgian-grand-prix-r,13,Belgian Grand Prix,2,483,105.91000000000001,112.75,118.66333333333334
2025-belgian-grand-prix-r,13,Belgian Grand Prix,3,483,258.84909090909093,264.6818181818182,270.219806763285
2025-belgian-grand-prix-r,13,Belgian Grand Prix,4,483,305.66285714285715,309.3157894736842,313.0490909090909
2025-belgian-grand-prix-r,13,Belgian Grand Prix,5,483,315.2894409937888,318.8333333333333,323.9082251082251
2025-belgian-grand-prix-r,13,Belgian Grand Prix,6,483,307.5333333333333,315.6842105263158,322.39766081871346
2025-belgian-grand-prix-r,13,Belgian Grand Prix,7,483,153.51779448621554,167.0,176.3126315789474
2025-belgian-grand-prix-r,13,Belgian Grand Prix,8,483,218.96363636363637,228.04761904761904,233.79761904761904
2025-belgian-grand-prix-r,13,Belgian Grand Prix,9,483,131.21286549707602,137.25,146.38282828282829
2025-belgian-grand-prix-r,13,Belgian Grand Prix,10,483,189.33333333333334,198.1,203.87
2025-belgian-grand-prix-r,13,Belgian Grand Prix,11,483,267.46285714285716,273.1578947368421,278.5942857142857
2025-belgian-grand-prix-r,13,Belgian Grand Prix,12,483,272.35087719298247,279.8095238095238,285.4373737373738
2025-belgian-grand-prix-r,13,Belgian Grand Prix,13,483,202.01052631578946,213.42105263157896,222.11111111111111
2025-belgian-grand-prix-r,13,Belgian Grand Prix,14,483,192.26,198.42857142857142,204.7395238095238
2025-belgian-grand-prix-r,13,Belgian Grand Prix,15,483,191.57714285714286,200.4,207.94190476190477
2025-belgian-grand-prix-r,13,Belgian Grand Prix,16,483,276.9839816933639,282.8888888888889,286.9904761904762
2025-belgian-grand-prix-r,13,Belgian Grand Prix,17,483,309.2021052631579,313.04347826086956,316.42706766917297
2025-belgian-grand-prix-r,13,Belgian Grand Prix,18,483,307.41999999999996,312.8421052631579,317.9328947368421
2025-belgian-grand-prix-r,13,Belgian Grand Prix,19,483,134.02923976608187,146.57894736842104,158.35757575757577
2025-belgian-grand-prix-r,13,Belgian Grand Prix,20,483,130.21189931350114,136.72727272727272,142.67
2025-hungarian-grand-prix-r,14,Hungarian Grand Prix,1,1274,272.0625,276.84033613445376,289.76029411764705
2025-hungarian-grand-prix-r,14,Hungarian Grand Prix,2,1274,232.44625,247.10096153846155,259.40361990950225
2025-hungarian-grand-prix-r,14,Hungarian Grand Prix,3,1274,102.39276018099548,107.21111111111111,111.91803921568628
2025-hungarian-grand-prix-r,14,Hungarian Grand Prix,4,1274,217.01666666666665,224.171568627451,234.43482142857144
2025-hungarian-grand-prix-r,14,Hungarian Grand Prix,5,1274,143.43,163.5,177.79951923076922
2025-hungarian-grand-prix-r,14,Hungarian Grand Prix,6,1274,166.42857142857142,174.55902777777777,182.785
2025-hungarian-grand-prix-r,14,Hungarian Grand Prix,7,1274,255.42291666666665,260.5,264.8393665158371
2025-hungarian-grand-prix-r,14,Hungarian Grand Prix,8,1274,226.7246153846154,243.1602564102564,252.8125
2025-hungarian-grand-prix-r,14,Hungarian Grand Prix,9,1274,151.8925,162.43303571428572,173.28
2025-hungarian-grand-prix-r,14,Hungarian Grand Prix,10,1274,186.64411764705883,193.93095238095236,200.9125
2025-hungarian-grand-prix-r,14,Hungarian Grand Prix,11,1274,121.83031674208145,127.6,133.44236111111113
2025-hungarian-grand-prix-r,14,Hungarian Grand Prix,12,1274,164.46666666666667,171.12916666666666,177.10110294117646
2025-hungarian-grand-prix-r,14,Hungarian Grand Prix,13,1274,169.3392156862745,176.4575163398693,183.41875
2025-hungarian-grand-prix-r,14,Hungarian Grand Prix,14,1274,223.58,231.26666666666668,238.19
2025-hungarian-grand-prix-r,14,Hungarian Grand Prix,15,1274,242.65,249.0,254.94007352941176
2025-hungarian-grand-prix-r,14,Hungarian Grand Prix,16,1274,131.19125,137.14358974358976,143.66666666666666
2025-hungarian-grand-prix-r,14,Hungarian Grand Prix,17,1274,150.48157894736843,157.5625,164.49
2025-hungarian-grand-prix-r,14,Hungarian Grand Prix,18,1274,127.06117647058824,133.35294117647058,139.25
2025-hungarian-grand-prix-r,14,Hungarian Grand Prix,19,1274,146.9375,153.10818713450294,159.21
2025-hungarian-grand-prix-r,14,Hungarian Grand Prix,20,1274,200.17197802197802,206.66666666666666,213.48125
2025-dutch-grand-prix-r,15,Dutch Grand Prix,1,932,269.75,278.88690476190476,288.2630769230769
2025-dutch-grand-prix-r,15,Dutch Grand Prix,2,932,114.54175824175823,121.16025641025641,127.99333333333333
2025-dutch-grand-prix-r,15,Dutch Grand Prix,3,932,193.00625,199.35504201680672,204.90961538461536
2025-dutch-grand-prix-r,15,Dutch Grand Prix,4,932,164.08461538461538,171.86666666666667,180.85714285714286
2025-dutch-grand-prix-r,15,Dutch Grand Prix,5,932,146.66666666666666,157.13809523809522,168.07142857142858
2025-dutch-grand-prix-r,15,Dutch Grand Prix,6,932,244.3873303167421,251.7596153846154,257.2291208791209
2025-dutch-grand-prix-r,15,Dutch Grand Prix,7,932,280.71785714285716,283.7692307692308,286.6642857142857
2025-dutch-grand-prix-r,15,Dutch Grand Prix,8,932,226.57899159663867,237.0,246.4875
2025-dutch-grand-prix-r,15,Dutch Grand Prix,9,932,225.35892857142858,232.06904761904764,239.61384615384614
2025-dutch-grand-prix-r,15,Dutch Grand Prix,10,932,170.47333333333333,179.8,190.93041666666667
2025-dutch-grand-prix-r,15,Dutch Grand Prix,11,932,114.54175824175823,120.33333333333333,127.265
2025-dutch-grand-prix-r,15,Dutch Grand Prix,12,932,135.4,142.46410256410257,150.13626373626374
2025-dutch-grand-prix-r,15,Dutch Grand Prix,13,932,136.77087912087913,147.25,157.8
2025-dutch-grand-prix-r,15,Dutch Grand Prix,14,932,242.20499999999998,247.125,253.58655462184873
2025-dutch-grand-prix-r,15,Dutch Grand Prix,15,932,159.40666666666667,173.96666666666667,186.56984126984128
2025-dutch-grand-prix-r,15,Dutch Grand Prix,16,932,99.85809523809525,104.10512820512821,109.99
2025-dutch-grand-prix-r,15,Dutch Grand Prix,17,932,193.13333333333333,200.6076923076923,207.92802197802197
2025-dutch-grand-prix-r,15,Dutch Grand Prix,18,932,189.62678571428572,197.32291666666669,206.1981818181818
2025-dutch-grand-prix-r,15,Dutch Grand Prix,19,932,257.071978021978,260.4641025641025,264.99285714285713
2025-dutch-grand-prix-r,15,Dutch Grand Prix,20,932,289.1823863636364,293.24038461538464,308.42689075630256
2025-italian-grand-prix-r,16,Italian Grand Prix,1,885,324.0,327.75,334.17403846153843
2025-italian-grand-prix-r,16,Italian Grand Prix,2,885,325.70588235294116,332.42857142857144,340.9154411764706
2025-italian-grand-prix-r,16,Italian Grand Prix,3,885,123.97666666666667,147.46666666666667,165.53233082706768
2025-italian-grand-prix-r,16,Italian Grand Prix,4,885,96.49321266968326,103.46666666666667,109.6735294117647
2025-italian-grand-prix-r,16,Italian Grand Prix,5,885,234.73999999999998,240.53846153846155,246.31176470588235
2025-italian-grand-prix-r,16,Italian Grand Prix,6,885,298.7458823529412,301.8333333333333,304.88235294117646
2025-italian-grand-prix-r,16,Italian Grand Prix,7,885,291.3264705882353,304.93333333333334,313.0635294117647
2025-italian-grand-prix-r,16,Italian Grand Prix,8,885,118.96000000000001,128.4,139.35833333333332
2025-italian-grand-prix-r,16,Italian Grand Prix,9,885,200.45128205128205,207.83333333333334,214.34509803921569
2025-italian-grand-prix-r,16,Italian Grand Prix,10,885,194.92527472527473,205.46666666666667,215.51764705882354
2025-italian-grand-prix-r,16,Italian Grand Prix,11,885,197.32083333333333,206.83333333333334,215.195
2025-italian-grand-prix-r,16,Italian Grand Prix,12,885,241.90394736842106,250.46153846153845,257.0352941176471
2025-italian-grand-prix-r,16,Italian Grand Prix,13,885,305.75,310.2,316.85833333333335
2025-italian-grand-prix-r,16,Italian Grand Prix,14,885,280.4214285714286,290.5625,300.0991596638655
2025-italian-grand-prix-r,16,Italian Grand Prix,15,885,199.18088235294118,207.86666666666667,215.63529411764705
2025-italian-grand-prix-r,16,Italian Grand Prix,16,885,277.2352941176471,282.2857142857143,286.27575757575755
2025-italian-grand-prix-r,16,Italian Grand Prix,17,885,314.2142857142857,317.8888888888889,321.7257142857143
2025-italian-grand-prix-r,16,Italian Grand Prix,18,885,254.1375,266.7647058823529,278.195
2025-italian-grand-prix-r,16,Italian Grand Prix,19,885,219.72190476190477,227.9375,235.67916666666667
2025-italian-grand-prix-r,16,Italian Grand Prix,20,885,291.3933333333333,294.94117647058823,299.1983193277311
2025-azerbaijan-grand-prix-r,17,Azerbaijan Grand Prix,1,735,208.5095238095238,220.6818181818182,232.13705882352943
2025-azerbaijan-grand-prix-r,17,Azerbaijan Grand Prix,2,735,180.48695652173913,188.7,195.27575757575758
2025-azerbaijan-grand-prix-r,17,Azerbaijan Grand Prix,3,735,136.90526315789472,147.5,155.69826086956522
2025-azerbaijan-grand-prix-r,17,Azerbaijan Grand Prix,4,735,271.35,276.95652173913044,282.84333333333336
2025-azerbaijan-grand-prix-r,17,Azerbaijan Grand Prix,5,735,187.7989769820972,200.1578947368421,212.68654970760235
2025-azerbaijan-grand-prix-r,17,Azerbaijan Grand Prix,6,735,135.38055555555556,141.0,146.0
2025-azerbaijan-grand-prix-r,17,Azerbaijan Grand Prix,7,735,154.0421052631579,167.05,176.78826086956522
2025-azerbaijan-grand-prix-r,17,Azerbaijan Grand Prix,8,735,108.57777777777778,114.0,121.68666666666667
2025-azerbaijan-grand-prix-r,17,Azerbaijan Grand Prix,9,735,183.52356979405033,196.52631578947367,204.28571428571428
2025-azerbaijan-grand-prix-r,17,Azerbaijan Grand Prix,10,735,103.78947368421052,108.42105263157895,114.51823529411764
2025-azerbaijan-grand-prix-r,17,Azerbaijan Grand Prix,11,735,133.22222222222223,138.0,143.20631578947368
2025-azerbaijan-grand-prix-r,17,Azerbaijan Grand Prix,12,735,110.7088888888889,123.57142857142857,133.46
2025-azerbaijan-grand-prix-r,17,Azerbaijan Grand Prix,13,735,238.9625,252.21052631578948,259.6
2025-azerbaijan-grand-prix-r,17,Azerbaijan Grand Prix,14,735,219.943653250774,233.9,250.96
2025-azerbaijan-grand-prix-r,17,Azerbaijan Grand Prix,15,735,140.4703933747412,159.2,173.01714285714286
2025-azerbaijan-grand-prix-r,17,Azerbaijan Grand Prix,16,735,150.68571428571428,157.52380952380952,163.88571428571427
2025-azerbaijan-grand-prix-r,17,Azerbaijan Grand Prix,17,735,239.2642857142857,252.76190476190476,260.54285714285714
2025-azerbaijan-grand-prix-r,17,Azerbaijan Grand Prix,18,735,298.78245614035086,302.04545454545456,305.35
2025-azerbaijan-grand-prix-r,17,Azerbaijan Grand Prix,19,735,317.5904761904762,321.4117647058824,325.2452380952381
2025-azerbaijan-grand-prix-r,17,Azerbaijan Grand Prix,20,735,320.9684210526316,326.5882352941176,340.73571428571427
2025-singapore-grand-prix-r,18,Singapore Grand Prix,1,1143,262.3911111111111,268.5882352941176,274.3151315789474
2025-singapore-grand-prix-r,18,Singapore Grand Prix,2,1143,129.29333333333335,135.05882352941177,140.80761904761903
2025-singapore-grand-prix-r,18,Singapore Grand Prix,3,1143,120.14761904761905,127.10526315789474,133.8421052631579
2025-singapore-grand-prix-r,18,Singapore Grand Prix,4,1143,185.7187969924812,193.47368421052633,201.10364145658264
2025-singapore-grand-prix-r,18,Singapore Grand Prix,5,1143,205.65098039215687,213.10526315789474,220.63014705882352
2025-singapore-grand-prix-r,18,Singapore Grand Prix,6,1143,279.17083333333335,284.0,293.51826625386997
2025-singapore-grand-prix-r,18,Singapore Grand Prix,7,1143,141.17777777777778,153.5,164.41461988304096
2025-singapore-grand-prix-r,18,Singapore Grand Prix,8,1143,108.75294117647059,117.23529411764706,124.70777777777778
2025-singapore-grand-prix-r,18,Singapore Grand Prix,9,1143,135.52693498452012,140.10526315789474,144.76470588235293
2025-singapore-grand-prix-r,18,Singapore Grand Prix,10,1143,200.95999999999998,209.05,216.5
2025-singapore-grand-prix-r,18,Singapore Grand Prix,11,1143,153.62222222222223,164.6,173.66736842105263
2025-singapore-grand-prix-r,18,Singapore Grand Prix,12,1143,131.27302631578948,138.5,145.0
2025-singapore-grand-prix-r,18,Singapore Grand Prix,13,1143,96.50202429149797,104.47058823529412,112.0
2025-singapore-grand-prix-r,18,Singapore Grand Prix,14,1143,158.56444444444443,169.42105263157896,179.1915789473684
2025-singapore-grand-prix-r,18,Singapore Grand Prix,15,1143,189.04920634920634,200.04761904761904,211.13333333333333
2025-singapore-grand-prix-r,18,Singapore Grand Prix,16,1143,131.61520467836257,141.1,150.31666666666666
2025-singapore-grand-prix-r,18,Singapore Grand Prix,17,1143,255.52631578947367,260.72222222222223,268.6252631578948
2025-singapore-grand-prix-r,18,Singapore Grand Prix,18,1143,158.5142857142857,172.21052631578948,184.92631578947368
2025-singapore-grand-prix-r,18,Singapore Grand Prix,19,1143,174.64764705882354,181.05263157894737,186.68070175438595
2025-singapore-grand-prix-r,18,Singapore Grand Prix,20,1143,208.42573099415205,216.94444444444446,224.5988888888889
2025-united-states-grand-prix-r,19,United States Grand Prix,1,874,256.0130434782609,260.1666666666667,267.6479166666667
2025-united-states-grand-prix-r,19,United States Grand Prix,2,874,192.5794642857143,204.0,216.1888888888889
2025-united-states-grand-prix-r,19,United States Grand Prix,3,874,134.0535087719298,142.97619047619048,150.8748538011696
2025-united-states-grand-prix-r,19,United States Grand Prix,4,874,253.16052631578947,257.6360294117647,261.90333333333336
2025-united-states-grand-prix-r,19,United States Grand Prix,5,874,228.34583333333333,239.73684210526315,248.51052631578946
2025-united-states-grand-prix-r,19,United States Grand Prix,6,874,191.1015789473684,197.60555555555555,204.14352941176472
2025-united-states-grand-prix-r,19,United States Grand Prix,7,874,148.8404761904762,154.78362573099415,160.6404411764706
2025-united-states-grand-prix-r,19,United States Grand Prix,8,874,240.37456140350878,248.62828947368422,254.82947368421054
2025-united-states-grand-prix-r,19,United States Grand Prix,9,874,128.78833333333333,142.69210526315788,155.54444444444445
2025-united-states-grand-prix-r,19,United States Grand Prix,10,874,165.63954248366014,177.85855263157896,188.70555555555555
2025-united-states-grand-prix-r,19,United States Grand Prix,11,874,277.62189542483657,281.5250626566416,286.68202614379084
2025-united-states-grand-prix-r,19,United States Grand Prix,12,874,298.1383333333333,302.7712418300654,309.23815789473684
2025-united-states-grand-prix-r,19,United States Grand Prix,13,874,110.70230263157895,119.35,129.5095975232198
2025-united-states-grand-prix-r,19,United States Grand Prix,14,874,126.42222222222222,133.05131578947368,138.2278637770898
2025-united-states-grand-prix-r,19,United States Grand Prix,15,874,139.0,143.89473684210526,148.58660130718954
2025-united-states-grand-prix-r,19,United States Grand Prix,16,874,96.62777777777778,101.6470588235294,107.05047846889953
2025-united-states-grand-prix-r,19,United States Grand Prix,17,874,210.965,218.47213622291022,223.86166666666668
2025-united-states-grand-prix-r,19,United States Grand Prix,18,874,241.6529411764706,249.68993135011442,256.40490196078434
2025-united-states-grand-prix-r,19,United States Grand Prix,19,874,190.48157894736843,197.83333333333334,204.86917293233083
2025-united-states-grand-prix-r,19,United States Grand Prix,20,874,129.52456140350876,134.7295321637427,139.64241486068113
2025-mexico-city-grand-prix-r,20,Mexico City Grand Prix,1,1146,280.06666666666666,284.0,288.36607142857144
2025-mexico-city-grand-prix-r,20,Mexico City Grand Prix,2,1146,313.1051282051282,317.06666666666666,330.7752100840336
2025-mexico-city-grand-prix-r,20,Mexico City Grand Prix,3,1146,317.97058823529414,324.0,331.9027149321267
2025-mexico-city-grand-prix-r,20,Mexico City Grand Prix,4,1146,124.52083333333334,144.9375,162.5861344537815
2025-mexico-city-grand-prix-r,20,Mexico City Grand Prix,5,1146,101.02777777777777,105.6,109.48529411764706
2025-mexico-city-grand-prix-r,20,Mexico City Grand Prix,6,1146,180.4701754385965,190.62698412698413,201.0921568627451
2025-mexico-city-grand-prix-r,20,Mexico City Grand Prix,7,1146,274.8,279.64285714285717,284.80128205128204
2025-mexico-city-grand-prix-r,20,Mexico City Grand Prix,8,1146,117.46428571428572,136.06458333333333,154.0625
2025-mexico-city-grand-prix-r,20,Mexico City Grand Prix,9,1146,79.17647058823529,82.0625,85.21764705882353
2025-mexico-city-grand-prix-r,20,Mexico City Grand Prix,10,1146,96.79285714285714,101.70294117647059,106.35897435897436
2025-mexico-city-grand-prix-r,20,Mexico City Grand Prix,11,1146,146.06274509803922,156.97058823529412,168.32291666666669
2025-mexico-city-grand-prix-r,20,Mexico City Grand Prix,12,1146,182.4686274509804,191.5,199.57777777777778
2025-mexico-city-grand-prix-r,20,Mexico City Grand Prix,13,1146,202.74183006535947,210.3125,217.80625
2025-mexico-city-grand-prix-r,20,Mexico City Grand Prix,14,1146,175.29910714285714,182.43303571428572,189.45208333333335
2025-mexico-city-grand-prix-r,20,Mexico City Grand Prix,15,1146,260.0645833333333,266.12132352941177,271.67708333333337
2025-mexico-city-grand-prix-r,20,Mexico City Grand Prix,16,1146,172.84375,186.34313725490196,198.20714285714286
2025-mexico-city-grand-prix-r,20,Mexico City Grand Prix,17,1146,118.55238095238096,124.3125,130.0
2025-mexico-city-grand-prix-r,20,Mexico City Grand Prix,18,1146,85.72777777777779,89.66666666666667,94.32291666666666
2025-mexico-city-grand-prix-r,20,Mexico City Grand Prix,19,1146,109.3125,112.8125,116.64495798319328
2025-mexico-city-grand-prix-r,20,Mexico City Grand Prix,20,1146,191.92582417582418,198.3125,204.69230769230768
2025-s-o-paulo-grand-prix-r,21,São Paulo Grand Prix,1,892,281.85809523809525,290.92857142857144,301.41346153846155
2025-s-o-paulo-grand-prix-r,21,São Paulo Grand Prix,2,892,113.57428571428571,120.5,126.79857142857142
2025-s-o-paulo-grand-prix-r,21,São Paulo Grand Prix,3,892,162.47,173.0,180.91538461538462
2025-s-o-paulo-grand-prix-r,21,São Paulo Grand Prix,4,892,250.20857142857142,255.63392857142856,260.46153846153845
2025-s-o-paulo-grand-prix-r,21,São Paulo Grand Prix,5,892,295.3125,299.2,308.7120879120879
2025-s-o-paulo-grand-prix-r,21,São Paulo Grand Prix,6,892,217.38296703296703,232.63961038961037,246.49615384615385
2025-s-o-paulo-grand-prix-r,21,São Paulo Grand Prix,7,892,186.41,197.42857142857142,204.73333333333332
2025-s-o-paulo-grand-prix-r,21,São Paulo Grand Prix,8,892,262.8,267.85714285714283,271.93333333333334
2025-s-o-paulo-grand-prix-r,21,São Paulo Grand Prix,9,892,214.69017857142856,225.40833333333333,235.79142857142858
2025-s-o-paulo-grand-prix-r,21,São Paulo Grand Prix,10,892,157.29285714285714,166.46153846153845,175.94375000000002
2025-s-o-paulo-grand-prix-r,21,São Paulo Grand Prix,11,892,94.53333333333333,98.5625,101.75
2025-s-o-paulo-grand-prix-r,21,São Paulo Grand Prix,12,892,110.63939393939394,115.3076923076923,120.43375
2025-s-o-paulo-grand-prix-r,21,São Paulo Grand Prix,13,892,158.47,163.92307692307693,169.68974358974359
2025-s-o-paulo-grand-prix-r,21,São Paulo Grand Prix,14,892,90.08333333333333,94.8125,99.21103896103895
2025-s-o-paulo-grand-prix-r,21,São Paulo Grand Prix,15,892,188.69366515837103,197.5934065934066,204.71208791208792
2025-s-o-paulo-grand-prix-r,21,São Paulo Grand Prix,16,892,186.5125,194.93095238095236,204.61384615384614
2025-s-o-paulo-grand-prix-r,21,São Paulo Grand Prix,17,892,136.50833333333333,145.43910256410254,155.2
2025-s-o-paulo-grand-prix-r,21,São Paulo Grand Prix,18,892,237.50714285714287,243.18333333333334,248.89666666666668
2025-s-o-paulo-grand-prix-r,21,São Paulo Grand Prix,19,892,282.2685714285714,285.3550420168067,288.64285714285717
2025-s-o-paulo-grand-prix-r,21,São Paulo Grand Prix,20,892,302.07142857142856,305.44602272727275,319.81636363636363
2025-las-vegas-grand-prix-r,22,Las Vegas Grand Prix,1,667,219.0822222222222,230.75,242.425
2025-las-vegas-grand-prix-r,22,Las Vegas Grand Prix,2,667,145.39532163742692,152.95,159.76111111111112
2025-las-vegas-grand-prix-r,22,Las Vegas Grand Prix,3,667,215.48736842105262,227.2941176470588,238.4904761904762
2025-las-vegas-grand-prix-r,22,Las Vegas Grand Prix,4,667,294.3622291021672,299.8,304.9714285714286
2025-las-vegas-grand-prix-r,22,Las Vegas Grand Prix,5,667,229.7323529411765,241.11764705882354,253.6638888888889
2025-las-vegas-grand-prix-r,22,Las Vegas Grand Prix,6,667,148.01008403361345,158.05,168.45263157894738
2025-las-vegas-grand-prix-r,22,Las Vegas Grand Prix,7,667,196.03157894736842,205.77777777777777,215.62763157894736
2025-las-vegas-grand-prix-r,22,Las Vegas Grand Prix,8,667,102.20833333333334,107.05,110.63894736842106
2025-las-vegas-grand-prix-r,22,Las Vegas Grand Prix,9,667,112.54947368421053,120.27777777777777,129.890756302521
2025-las-vegas-grand-prix-r,22,Las Vegas Grand Prix,10,667,240.6221052631579,252.44444444444446,261.1102941176471
2025-las-vegas-grand-prix-r,22,Las Vegas Grand Prix,11,667,288.5,295.94117647058823,299.6549019607843
2025-las-vegas-grand-prix-r,22,Las Vegas Grand Prix,12,667,134.7156862745098,144.33333333333334,156.0313725490196
2025-las-vegas-grand-prix-r,22,Las Vegas Grand Prix,13,667,212.04411027568923,224.875,236.4248366013072
2025-las-vegas-grand-prix-r,22,Las Vegas Grand Prix,14,667,300.6114285714286,305.05882352941177,309.06029411764706
2025-las-vegas-grand-prix-r,22,Las Vegas Grand Prix,15,667,327.6470588235294,330.9375,333.7986842105263
2025-las-vegas-grand-prix-r,22,Las Vegas Grand Prix,16,667,333.05855263157895,338.1764705882353,348.6421052631579
2025-las-vegas-grand-prix-r,22,Las Vegas Grand Prix,17,667,199.3936507936508,215.52631578947367,228.415
2025-las-vegas-grand-prix-r,22,Las Vegas Grand Prix,18,667,142.37333333333333,150.5625,159.5045751633987
2025-las-vegas-grand-prix-r,22,Las Vegas Grand Prix,19,667,269.40818713450295,275.14285714285717,280.05105263157895
2025-las-vegas-grand-prix-r,22,Las Vegas Grand Prix,20,667,314.41714285714284,319.0,322.20421052631576
2025-qatar-grand-prix-r,23,Qatar Grand Prix,1,795,294.1205882352941,298.3125,309.7190476190476
2025-qatar-grand-prix-r,23,Qatar Grand Prix,2,795,283.06826923076926,291.8125,299.0625
2025-qatar-grand-prix-r,23,Qatar Grand Prix,3,795,157.81333333333333,165.5,174.62115384615385
2025-qatar-grand-prix-r,23,Qatar Grand Prix,4,795,182.5109243697479,191.0,197.79999999999998
2025-qatar-grand-prix-r,23,Qatar Grand Prix,5,795,225.2058823529412,230.8235294117647,235.82000000000002
2025-qatar-grand-prix-r,23,Qatar Grand Prix,6,795,243.35,253.55555555555554,262.25714285714287
2025-qatar-grand-prix-r,23,Qatar Grand Prix,7,795,193.70583333333332,200.88235294117646,210.46666666666667
2025-qatar-grand-prix-r,23,Qatar Grand Prix,8,795,166.55,179.0,188.80235294117648
2025-qatar-grand-prix-r,23,Qatar Grand Prix,9,795,129.415,136.5,144.83428571428573
2025-qatar-grand-prix-r,23,Qatar Grand Prix,10,795,186.58266253869968,196.6,205.0728205128205
2025-qatar-grand-prix-r,23,Qatar Grand Prix,11,795,166.0,176.06666666666666,184.24411764705883
2025-qatar-grand-prix-r,23,Qatar Grand Prix,12,795,227.29642857142858,236.33333333333334,245.18666666666667
2025-qatar-grand-prix-r,23,Qatar Grand Prix,13,795,153.73999999999998,160.9375,168.91384615384615
2025-qatar-grand-prix-r,23,Qatar Grand Prix,14,795,248.2941176470588,253.28571428571428,258.63529411764705
2025-qatar-grand-prix-r,23,Qatar Grand Prix,15,795,275.0,283.0,289.7257142857143
2025-qatar-grand-prix-r,23,Qatar Grand Prix,16,795,251.41176470588235,262.2,273.6952380952381
2025-qatar-grand-prix-r,23,Qatar Grand Prix,17,795,247.3,255.64705882352942,263.13076923076926
2025-qatar-grand-prix-r,23,Qatar Grand Prix,18,795,256.875,262.5,268.55619047619047
2025-qatar-grand-prix-r,23,Qatar Grand Prix,19,795,170.5,178.46666666666667,186.615
2025-qatar-grand-prix-r,23,Qatar Grand Prix,20,795,249.94736842105263,254.05882352941177,258.46666666666664
2025-abu-dhabi-grand-prix-r,24,Abu Dhabi Grand Prix,1,1044,252.0,256.7140522875817,260.8888888888889
2025-abu-dhabi-grand-prix-r,24,Abu Dhabi Grand Prix,2,1044,170.41176470588235,177.84033613445376,184.6577205882353
2025-abu-dhabi-grand-prix-r,24,Abu Dhabi Grand Prix,3,1044,240.25,247.11111111111111,253.36289473684212
2025-abu-dhabi-grand-prix-r,24,Abu Dhabi Grand Prix,4,1044,269.6963800904977,276.12132352941177,281.98125
2025-abu-dhabi-grand-prix-r,24,Abu Dhabi Grand Prix,5,1044,181.24379084967322,195.5,208.70555555555555
2025-abu-dhabi-grand-prix-r,24,Abu Dhabi Grand Prix,6,1044,135.37058823529412,144.2941176470588,152.83039215686276
2025-abu-dhabi-grand-prix-r,24,Abu Dhabi Grand Prix,7,1044,257.05882352941177,263.171568627451,269.0
2025-abu-dhabi-grand-prix-r,24,Abu Dhabi Grand Prix,8,1044,300.9611111111111,304.2264957264957,319.9258169934641
2025-abu-dhabi-grand-prix-r,24,Abu Dhabi Grand Prix,9,1044,211.27894736842106,234.25833333333333,252.65450980392157
2025-abu-dhabi-grand-prix-r,24,Abu Dhabi Grand Prix,10,1044,77.05882352941177,80.6875,84.23529411764706
2025-abu-dhabi-grand-prix-r,24,Abu Dhabi Grand Prix,11,1044,176.4483552631579,186.47058823529412,197.83808049535605
2025-abu-dhabi-grand-prix-r,24,Abu Dhabi Grand Prix,12,1044,275.89889705882354,280.3611111111111,292.8747899159664
2025-abu-dhabi-grand-prix-r,24,Abu Dhabi Grand Prix,13,1044,256.3975,272.2638888888889,283.49333333333334
2025-abu-dhabi-grand-prix-r,24,Abu Dhabi Grand Prix,14,1044,168.71458333333334,175.25,183.0
2025-abu-dhabi-grand-prix-r,24,Abu Dhabi Grand Prix,15,1044,246.6172514619883,252.22291021671828,256.92
2025-abu-dhabi-grand-prix-r,24,Abu Dhabi Grand Prix,16,1044,137.5517543859649,157.4375,172.4375
2025-abu-dhabi-grand-prix-r,24,Abu Dhabi Grand Prix,17,1044,131.155,134.60555555555555,138.0
2025-abu-dhabi-grand-prix-r,24,Abu Dhabi Grand Prix,18,1044,174.24803921568628,180.8622291021672,187.20000000000002
2025-abu-dhabi-grand-prix-r,24,Abu Dhabi Grand Prix,19,1044,212.61527777777778,222.24922600619198,232.9434640522876
2025-abu-dhabi-grand-prix-r,24,Abu Dhabi Grand Prix,20,1044,147.75833333333333,154.18823529411765,160.4
